"href","CCN","NAME","CITY","STATE"
"/free_profile/450890/_Baylor_Scott_%26_White_Medical_Center__Plano/Plano/Texas/","450890"," Baylor Scott & White Medical Center  Plano","Plano","Texas"
"/free_profile/450563/_Baylor_Scott_%26_White_Medical_Center_Grapevine/Grapevine/Texas/","450563"," Baylor Scott & White Medical Center Grapevine","Grapevine","Texas"
"/free_profile/450054/_Baylor_Scott_%26_White_Medical_Center_Temple/Temple/Texas/","450054"," Baylor Scott & White Medical Center Temple","Temple","Texas"
"/free_profile/450597/_Cuero_Regional_Hospital/Cuero/Texas/","450597"," Cuero Regional Hospital","Cuero","Texas"
"/free_profile/673032/_Encompass_Health_Rehabilitation_Hospital_of_Round_Rock/Round_Rock/Texas/","673032"," Encompass Health Rehabilitation Hospital of Round Rock","Round_Rock","Texas"
"/free_profile/450775/_HCA_Houston_Healthcare_Kingwood/Kingwood/Texas/","450775"," HCA Houston Healthcare Kingwood","Kingwood","Texas"
"/free_profile/450659/_HCA_Houston_Healthcare_Medical_Center/Houston/Texas/","450659"," HCA Houston Healthcare Medical Center","Houston","Texas"
"/free_profile/450087/_Medical_City_North_Hills/North_Richland_Hills/Texas/","450087"," Medical City North Hills","North_Richland_Hills","Texas"
"/free_profile/453072/_UT_Health_East_Texas_Rehabilitation_Hospital/Tyler/Texas/","453072"," UT Health East Texas Rehabilitation Hospital","Tyler","Texas"
"/free_profile/673055/Accel_Rehabilitation_Hospital_of_Plano/Plano/Texas/","673055","Accel Rehabilitation Hospital of Plano","Plano","Texas"
"/free_profile/I42475/Advanced_Dallas_Hospital_and_Clinics/Dallas/Texas/","I42475","Advanced Dallas Hospital and Clinics","Dallas","Texas"
"/free_profile/450152/AdventHealth_Central_Texas/Killeen/Texas/","450152","AdventHealth Central Texas","Killeen","Texas"
"/free_profile/451323/AdventHealth_Rollins_Brook/Lampasas/Texas/","451323","AdventHealth Rollins Brook","Lampasas","Texas"
"/free_profile/454101/Allegiance_Behavioral_Health_Center_Of_Plainview/Plainview/Texas/","454101","Allegiance Behavioral Health Center Of Plainview","Plainview","Texas"
"/free_profile/670109/Altus_Baytown_Hospital/Baytown/Texas/","670109","Altus Baytown Hospital","Baytown","Texas"
"/free_profile/670135/Altus_Houston_Hospital/Houston/Texas/","670135","Altus Houston Hospital","Houston","Texas"
"/free_profile/670134/Altus_Lumberton_Hospital/Lumberton/Texas/","670134","Altus Lumberton Hospital","Lumberton","Texas"
"/free_profile/450591/Angleton_Danbury_Hospital/Angleton/Texas/","450591","Angleton Danbury Hospital","Angleton","Texas"
"/free_profile/450078/Anson_General_Hospital/Anson/Texas/","450078","Anson General Hospital","Anson","Texas"
"/free_profile/450871/Arise_Austin_Medical_Center/Austin/Texas/","450871","Arise Austin Medical Center","Austin","Texas"
"/free_profile/450042/Ascension_Providence_/Waco/Texas/","450042","Ascension Providence ","Waco","Texas"
"/free_profile/454032/Ascension_Providence_DePaul_Center/Waco/Texas/","454032","Ascension Providence DePaul Center","Waco","Texas"
"/free_profile/670143/Ascension_Seton_Bastrop/Bastrop/Texas/","670143","Ascension Seton Bastrop","Bastrop","Texas"
"/free_profile/451371/Ascension_Seton_Edgar_B_Davis/Luling/Texas/","451371","Ascension Seton Edgar B Davis","Luling","Texas"
"/free_profile/670056/Ascension_Seton_Hays/Kyle/Texas/","670056","Ascension Seton Hays","Kyle","Texas"
"/free_profile/451365/Ascension_Seton_Highland_Lakes/Burnet/Texas/","451365","Ascension Seton Highland Lakes","Burnet","Texas"
"/free_profile/450056/Ascension_Seton_Medical_Center_Austin/Austin/Texas/","450056","Ascension Seton Medical Center Austin","Austin","Texas"
"/free_profile/450867/Ascension_Seton_Northwest/Austin/Texas/","450867","Ascension Seton Northwest","Austin","Texas"
"/free_profile/454029/Ascension_Seton_Shoal_Creek/Austin/Texas/","454029","Ascension Seton Shoal Creek","Austin","Texas"
"/free_profile/450143/Ascension_Seton_Smithville/Smithville/Texas/","450143","Ascension Seton Smithville","Smithville","Texas"
"/free_profile/450865/Ascension_Seton_Southwest/Austin/Texas/","450865","Ascension Seton Southwest","Austin","Texas"
"/free_profile/670041/Ascension_Seton_Williamson/Round_Rock/Texas/","670041","Ascension Seton Williamson","Round_Rock","Texas"
"/free_profile/670093/Aspire_Behavioral_Health_Hospital/Conroe/Texas/","670093","Aspire Behavioral Health Hospital","Conroe","Texas"
"/free_profile/452111/Atrium_Medical_Center_/Denton/Texas/","452111","Atrium Medical Center ","Denton","Texas"
"/free_profile/452114/Atrium_Medical_Center/Stafford/Texas/","452114","Atrium Medical Center","Stafford","Texas"
"/free_profile/45090F/Audie_L_Murphy_Memorial_VA_Hospital/San_Antonio/Texas/","45090F","Audie L Murphy Memorial VA Hospital","San_Antonio","Texas"
"/free_profile/454121/Austin_Oaks_Hospital/Austin/Texas/","454121","Austin Oaks Hospital","Austin","Texas"
"/free_profile/454084/Austin_State_Hospital/Austin/Texas/","454084","Austin State Hospital","Austin","Texas"
"/free_profile/451310/Ballinger_Memorial_Hospital/Ballinger/Texas/","451310","Ballinger Memorial Hospital","Ballinger","Texas"
"/free_profile/450346/Baptist_Hospitals_of_Southeast_Texas/Beaumont/Texas/","450346","Baptist Hospitals of Southeast Texas","Beaumont","Texas"
"/free_profile/450058/Baptist_Medical_Center/San_Antonio/Texas/","450058","Baptist Medical Center","San_Antonio","Texas"
"/free_profile/I41895/Baptist_Neighborhood_Hospital_-_Hausman/San_Antonio/Texas/","I41895","Baptist Neighborhood Hospital - Hausman","San_Antonio","Texas"
"/free_profile/I42368/Baptist_Neighborhood_Hospital_-_Kelly/San_Antonio/Texas/","I42368","Baptist Neighborhood Hospital - Kelly","San_Antonio","Texas"
"/free_profile/I41894/Baptist_Neighborhood_Hospital_-_Overlook/San_Antonio/Texas/","I41894","Baptist Neighborhood Hospital - Overlook","San_Antonio","Texas"
"/free_profile/I41897/Baptist_Neighborhood_Hospital_-_Schertz/Schertz/Texas/","I41897","Baptist Neighborhood Hospital - Schertz","Schertz","Texas"
"/free_profile/I41893/Baptist_Neighborhood_Hospital_-_Westover_Hills/San_Antonio/Texas/","I41893","Baptist Neighborhood Hospital - Westover Hills","San_Antonio","Texas"
"/free_profile/I42451/Baptist_Neighborhood_Hospital_-_Zarazmora/San_Antonio/Texas/","I42451","Baptist Neighborhood Hospital - Zarazmora","San_Antonio","Texas"
"/free_profile/670078/Baptist_Neighborhood_Hospital-_Thousand_Oaks/San_Antonio/Texas/","670078","Baptist Neighborhood Hospital- Thousand Oaks","San_Antonio","Texas"
"/free_profile/450137/Baylor_Scott_%26_White_All_Saints_Medical_Center_-_Fort_Worth/Fort_Worth/Texas/","450137","Baylor Scott & White All Saints Medical Center - Fort Worth","Fort_Worth","Texas"
"/free_profile/452105/Baylor_Scott_%26_White_Continuing_Care_Hospital_Temple/Temple/Texas/","452105","Baylor Scott & White Continuing Care Hospital Temple","Temple","Texas"
"/free_profile/I42300/Baylor_Scott_%26_White_Emergency_Hospital_-_Colleyville/Colleyville/Texas/","I42300","Baylor Scott & White Emergency Hospital - Colleyville","Colleyville","Texas"
"/free_profile/I42303/Baylor_Scott_%26_White_Emergency_Hospital_-_Grand_Prairie/Grand_Prairie/Texas/","I42303","Baylor Scott & White Emergency Hospital - Grand Prairie","Grand_Prairie","Texas"
"/free_profile/I42302/Baylor_Scott_%26_White_Emergency_Hospital_-_Keller/Keller/Texas/","I42302","Baylor Scott & White Emergency Hospital - Keller","Keller","Texas"
"/free_profile/I42304/Baylor_Scott_%26_White_Emergency_Hospital_-_Mansfield/Mansfield/Texas/","I42304","Baylor Scott & White Emergency Hospital - Mansfield","Mansfield","Texas"
"/free_profile/I42301/Baylor_Scott_%26_White_Emergency_Hospital_-_Murphy/Murphy/Texas/","I42301","Baylor Scott & White Emergency Hospital - Murphy","Murphy","Texas"
"/free_profile/670097/Baylor_Scott_%26_White_Emergency_Hospital_-_Rockwall/Rockwall/Texas/","670097","Baylor Scott & White Emergency Hospital - Rockwall","Rockwall","Texas"
"/free_profile/670062/Baylor_Scott_%26_White_Emergency_Hospital-Aubrey/Aubrey/Texas/","670062","Baylor Scott & White Emergency Hospital-Aubrey","Aubrey","Texas"
"/free_profile/670107/Baylor_Scott_%26_White_Emergency_Hospital-Burleson/Burleson/Texas/","670107","Baylor Scott & White Emergency Hospital-Burleson","Burleson","Texas"
"/free_profile/450851/Baylor_Scott_%26_White_Heart_and_Vascular_Hospital-Dallas/Dallas/Texas/","450851","Baylor Scott & White Heart and Vascular Hospital-Dallas","Dallas","Texas"
"/free_profile/673035/Baylor_Scott_%26_White_Institute_for_Rehabilitation_-_Fort_Worth/Fort_Worth/Texas/","673035","Baylor Scott & White Institute for Rehabilitation - Fort Worth","Fort_Worth","Texas"
"/free_profile/673046/Baylor_Scott_%26_White_Institute_for_Rehabilitation_-_Frisco/Frisco/Texas/","673046","Baylor Scott & White Institute for Rehabilitation - Frisco","Frisco","Texas"
"/free_profile/673058/Baylor_Scott_%26_White_Institute_for_Rehabilitation_-_Lakeway_/Lakeway/Texas/","673058","Baylor Scott & White Institute for Rehabilitation - Lakeway ","Lakeway","Texas"
"/free_profile/450008/Baylor_Scott_%26_White_McLane_Children%27s_Medical_Center/Temple/Texas/","450008","Baylor Scott & White McLane Children's Medical Center","Temple","Texas"
"/free_profile/670136/Baylor_Scott_%26_White_Medical_Center_-_Austin/Austin/Texas/","670136","Baylor Scott & White Medical Center - Austin","Austin","Texas"
"/free_profile/450187/Baylor_Scott_%26_White_Medical_Center_-_Brenham/Brenham/Texas/","450187","Baylor Scott & White Medical Center - Brenham","Brenham","Texas"
"/free_profile/450101/Baylor_Scott_%26_White_Medical_Center_-_Hillcrest/Waco/Texas/","450101","Baylor Scott & White Medical Center - Hillcrest","Waco","Texas"
"/free_profile/450742/Baylor_Scott_%26_White_Medical_Center_-_Lake_Pointe/Rowlett/Texas/","450742","Baylor Scott & White Medical Center - Lake Pointe","Rowlett","Texas"
"/free_profile/670079/Baylor_Scott_%26_White_Medical_Center_-_Lakeway/Lakeway/Texas/","670079","Baylor Scott & White Medical Center - Lakeway","Lakeway","Texas"
"/free_profile/670128/Baylor_Scott_%26_White_Medical_Center_-_Pflugerville/Pflugerville/Texas/","670128","Baylor Scott & White Medical Center - Pflugerville","Pflugerville","Texas"
"/free_profile/670034/Baylor_Scott_%26_White_Medical_Center_-_Round_Rock/Round_Rock/Texas/","670034","Baylor Scott & White Medical Center - Round Rock","Round_Rock","Texas"
"/free_profile/670060/Baylor_Scott_%26_White_Medical_Center_-_Sunnyvale_/Sunnyvale/Texas/","670060","Baylor Scott & White Medical Center - Sunnyvale ","Sunnyvale","Texas"
"/free_profile/451374/Baylor_Scott_%26_White_Medical_Center_-_Taylor/Taylor/Texas/","451374","Baylor Scott & White Medical Center - Taylor","Taylor","Texas"
"/free_profile/450372/Baylor_Scott_%26_White_Medical_Center_-_Waxahachie/Waxahachie/Texas/","450372","Baylor Scott & White Medical Center - Waxahachie","Waxahachie","Texas"
"/free_profile/670131/Baylor_Scott_%26_White_Medical_Center_Buda/Buda/Texas/","670131","Baylor Scott & White Medical Center Buda","Buda","Texas"
"/free_profile/450885/Baylor_Scott_%26_White_Medical_Center_Centennial_/Frisco/Texas/","450885","Baylor Scott & White Medical Center Centennial ","Frisco","Texas"
"/free_profile/670088/Baylor_Scott_%26_White_Medical_Center_College_Station/College_Station/Texas/","670088","Baylor Scott & White Medical Center College Station","College_Station","Texas"
"/free_profile/450079/Baylor_Scott_%26_White_Medical_Center_Irving_/Irving/Texas/","450079","Baylor Scott & White Medical Center Irving ","Irving","Texas"
"/free_profile/670108/Baylor_Scott_%26_White_Medical_Center_Marble_Falls/Marble_Falls/Texas/","670108","Baylor Scott & White Medical Center Marble Falls","Marble_Falls","Texas"
"/free_profile/670082/Baylor_Scott_%26_White_Medical_Center_McKinney_/McKinney/Texas/","670082","Baylor Scott & White Medical Center McKinney ","McKinney","Texas"
"/free_profile/450883/Baylor_Scott_%26_White_Medical_Center_Trophy_Club/Trophy_Club/Texas/","450883","Baylor Scott & White Medical Center Trophy Club","Trophy_Club","Texas"
"/free_profile/450422/Baylor_Scott_%26_White_Medical_Center_Uptown/Dallas/Texas/","450422","Baylor Scott & White Medical Center Uptown","Dallas","Texas"
"/free_profile/670067/Baylor_Scott_%26_White_Orthopedic_and_Spine_Hospital_Arlington/Arlington/Texas/","670067","Baylor Scott & White Orthopedic and Spine Hospital Arlington","Arlington","Texas"
"/free_profile/453036/Baylor_Scott_%26_White_Rehabilitation_-_Dallas_Hospital/Dallas/Texas/","453036","Baylor Scott & White Rehabilitation - Dallas Hospital","Dallas","Texas"
"/free_profile/670076/Baylor_Scott_%26_White_Surgical_Hospital_at_Sherman/Sherman/Texas/","670076","Baylor Scott & White Surgical Hospital at Sherman","Sherman","Texas"
"/free_profile/450880/Baylor_Scott_%26_White_Surgical_Hospital_Fort_Worth/Fort_Worth/Texas/","450880","Baylor Scott & White Surgical Hospital Fort Worth","Fort_Worth","Texas"
"/free_profile/450864/Baylor_Scott_%26_White_Texas_Spine_%26_Joint_Hospital/Tyler/Texas/","450864","Baylor Scott & White Texas Spine & Joint Hospital","Tyler","Texas"
"/free_profile/450853/Baylor_Scott_and_White_Medical_Center_Frisco/Frisco/Texas/","450853","Baylor Scott and White Medical Center Frisco","Frisco","Texas"
"/free_profile/670025/Baylor_Scott_and_White_The_Heart_Hospital_-_Plano/Plano/Texas/","670025","Baylor Scott and White The Heart Hospital - Plano","Plano","Texas"
"/free_profile/450893/Baylor_Scott_and_White_The_Heart_Hospital_Denton/Denton/Texas/","450893","Baylor Scott and White The Heart Hospital Denton","Denton","Texas"
"/free_profile/450874/Baylor_Surgical_Hospital_at_Las_Colinas/Irving/Texas/","450874","Baylor Surgical Hospital at Las Colinas","Irving","Texas"
"/free_profile/450021/Baylor_University_Medical_Center_/Dallas/Texas/","450021","Baylor University Medical Center ","Dallas","Texas"
"/free_profile/454107/Behavioral_Hospital_of_Bellaire/Houston/Texas/","454107","Behavioral Hospital of Bellaire","Houston","Texas"
"/free_profile/450253/Bellville_Medical_Center/Bellville/Texas/","450253","Bellville Medical Center","Bellville","Texas"
"/free_profile/450289/Ben_Taub_Hospital/Houston/Texas/","450289","Ben Taub Hospital","Houston","Texas"
"/free_profile/451378/Big_Bend_Regional_Medical_Center/Alpine/Texas/","451378","Big Bend Regional Medical Center","Alpine","Texas"
"/free_profile/454000/Big_Spring_State_Hospital/Big_Spring/Texas/","454000","Big Spring State Hospital","Big_Spring","Texas"
"/free_profile/45069F/Brooke_Army_Medical_Center/Fort_Sam_Houston/Texas/","45069F","Brooke Army Medical Center","Fort_Sam_Houston","Texas"
"/free_profile/450399/Brownfield_Regional_Medical_Center/Brownfield/Texas/","450399","Brownfield Regional Medical Center","Brownfield","Texas"
"/free_profile/450231/BSA_Hospital_/Amarillo/Texas/","450231","BSA Hospital ","Amarillo","Texas"
"/free_profile/454152/Canyon_Creek_Behavioral_Health/Temple/Texas/","454152","Canyon Creek Behavioral Health","Temple","Texas"
"/free_profile/670259/CapRock_Hospital/Bryan/Texas/","670259","CapRock Hospital","Bryan","Texas"
"/free_profile/45070F/Carl_R_Darnall_Army_Medical_Center/Fort_Hood/Texas/","45070F","Carl R Darnall Army Medical Center","Fort_Hood","Texas"
"/free_profile/450730/Carrollton_Regional_Medical_Center/Carrollton/Texas/","450730","Carrollton Regional Medical Center","Carrollton","Texas"
"/free_profile/454119/Carrollton_Springs/Carrollton/Texas/","454119","Carrollton Springs","Carrollton","Texas"
"/free_profile/454153/Carrus_Behavioral_Hospital/Sherman/Texas/","454153","Carrus Behavioral Hospital","Sherman","Texas"
"/free_profile/673041/Carrus_Rehabilitation_Hospital/Sherman/Texas/","673041","Carrus Rehabilitation Hospital","Sherman","Texas"
"/free_profile/452041/Carrus_Specialty_Hospital/Sherman/Texas/","452041","Carrus Specialty Hospital","Sherman","Texas"
"/free_profile/454114/Cedar_Crest_Hospital_and_Residential_Treatment_Center/Belton/Texas/","454114","Cedar Crest Hospital and Residential Treatment Center","Belton","Texas"
"/free_profile/670043/Cedar_Park_Regional_Medical_Center/Cedar_Park/Texas/","670043","Cedar Park Regional Medical Center","Cedar_Park","Texas"
"/free_profile/673027/Central_Texas_Rehabilitation_Hospital/Austin/Texas/","673027","Central Texas Rehabilitation Hospital","Austin","Texas"
"/free_profile/45086F/Central_Texas_Veterans_Health_Care_System_-_Olin_E_Teague_Veterans%27_Center/Temple/Texas/","45086F","Central Texas Veterans Health Care System - Olin E Teague Veterans' Center","Temple","Texas"
"/free_profile/673065/CHI_Saint_Joseph_Health_Rehabilitation_Hospital/Bryan/Texas/","673065","CHI Saint Joseph Health Rehabilitation Hospital","Bryan","Texas"
"/free_profile/451322/CHI_St_Joseph_Health_Grimes_Hospital/Navasota/Texas/","451322","CHI St Joseph Health Grimes Hospital","Navasota","Texas"
"/free_profile/450011/CHI_St_Joseph_Health_Regional_Hospital_-_Bryan%2C_TX/Bryan/Texas/","450011","CHI St Joseph Health Regional Hospital - Bryan%2C TX","Bryan","Texas"
"/free_profile/670059/CHI_St_Luke%27s_Health_-_Lakeside_Hospital/The_Woodlands/Texas/","670059","CHI St Luke's Health - Lakeside Hospital","The_Woodlands","Texas"
"/free_profile/670031/CHI_St_Luke%27s_Health_-_Patients_Medical_Center/South_Pasadena/Texas/","670031","CHI St Luke's Health - Patients Medical Center","South_Pasadena","Texas"
"/free_profile/670053/CHI_St_Luke%27s_Health_-_Sugar_Land_Hospital/Sugar_Land/Texas/","670053","CHI St Luke's Health - Sugar Land Hospital","Sugar_Land","Texas"
"/free_profile/670075/CHI_St_Luke%27s_Health_-_The_Vintage_Hospital/Houston/Texas/","670075","CHI St Luke's Health - The Vintage Hospital","Houston","Texas"
"/free_profile/453315/Children%27s_Hospital_of_San_Antonio/San_Antonio/Texas/","453315","Children's Hospital of San Antonio","San_Antonio","Texas"
"/free_profile/453302/Children%27s_Medical_Center_Dallas/Dallas/Texas/","453302","Children's Medical Center Dallas","Dallas","Texas"
"/free_profile/453316/Children%27s_Medical_Center_Plano/Plano/Texas/","453316","Children's Medical Center Plano","Plano","Texas"
"/free_profile/I41751/Children%27s_Memorial_Hermann_Hospital/Houston/Texas/","I41751","Children's Memorial Hermann Hospital","Houston","Texas"
"/free_profile/450369/Childress_Regional_Medical_Center/Childress/Texas/","450369","Childress Regional Medical Center","Childress","Texas"
"/free_profile/452042/CHRISTUS_Dubuis_Hospital_of_Beaumont/Beaumont/Texas/","452042","CHRISTUS Dubuis Hospital of Beaumont","Beaumont","Texas"
"/free_profile/450037/CHRISTUS_Good_Shepherd_Medical_Center_-_Longview/Longview/Texas/","450037","CHRISTUS Good Shepherd Medical Center - Longview","Longview","Texas"
"/free_profile/450032/CHRISTUS_Good_Shepherd_Medical_Center_-_Marshall/Marshall/Texas/","450032","CHRISTUS Good Shepherd Medical Center - Marshall","Marshall","Texas"
"/free_profile/450102/CHRISTUS_Mother_Frances_Hospital_-_Tyler/Tyler/Texas/","450102","CHRISTUS Mother Frances Hospital - Tyler","Tyler","Texas"
"/free_profile/451381/CHRISTUS_Mother_Frances_Hospital_-_Winnsboro/Winnsboro/Texas/","451381","CHRISTUS Mother Frances Hospital - Winnsboro","Winnsboro","Texas"
"/free_profile/450236/CHRISTUS_Mother_Frances_Hospital-Sulphur_Springs/Sulphur_Springs/Texas/","450236","CHRISTUS Mother Frances Hospital-Sulphur Springs","Sulphur_Springs","Texas"
"/free_profile/450801/CHRISTUS_Saint_Michael_Hospital/Texarkana/Texas/","450801","CHRISTUS Saint Michael Hospital","Texarkana","Texas"
"/free_profile/450615/CHRISTUS_Saint_Michael_Hospital_-_Atlanta/Atlanta/Texas/","450615","CHRISTUS Saint Michael Hospital - Atlanta","Atlanta","Texas"
"/free_profile/453065/CHRISTUS_Saint_Michael_Rehabilitation_Hospital/Texarkana/Texas/","453065","CHRISTUS Saint Michael Rehabilitation Hospital","Texarkana","Texas"
"/free_profile/I42085/CHRISTUS_Santa_Rosa_Hospital__Alamo_Heights/San_Antonio/Texas/","I42085","CHRISTUS Santa Rosa Hospital  Alamo Heights","San_Antonio","Texas"
"/free_profile/450237/CHRISTUS_Santa_Rosa_Hospital_-_Medical_Center/San_Antonio/Texas/","450237","CHRISTUS Santa Rosa Hospital - Medical Center","San_Antonio","Texas"
"/free_profile/I41727/CHRISTUS_Santa_Rosa_Hospital_-_New_Braunfels/New_Braunfels/Texas/","I41727","CHRISTUS Santa Rosa Hospital - New Braunfels","New_Braunfels","Texas"
"/free_profile/450272/Christus_Santa_Rosa_Hospital-San_Marcos/San_Marcos/Texas/","450272","Christus Santa Rosa Hospital-San Marcos","San_Marcos","Texas"
"/free_profile/I42091/CHRISTUS_Santa_Rosa_Hospital-Westover_Hills/San_Antonio/Texas/","I42091","CHRISTUS Santa Rosa Hospital-Westover Hills","San_Antonio","Texas"
"/free_profile/450573/CHRISTUS_Southeast_Texas_-_Jasper_Memorial/Jasper/Texas/","450573","CHRISTUS Southeast Texas - Jasper Memorial","Jasper","Texas"
"/free_profile/450034/CHRISTUS_Southeast_Texas_-_Saint_Elizabeth/Beaumont/Texas/","450034","CHRISTUS Southeast Texas - Saint Elizabeth","Beaumont","Texas"
"/free_profile/450163/CHRISTUS_Spohn_Hospital_-_Kleberg/Kingsville/Texas/","450163","CHRISTUS Spohn Hospital - Kleberg","Kingsville","Texas"
"/free_profile/450828/CHRISTUS_Spohn_Hospital_Alice/Alice/Texas/","450828","CHRISTUS Spohn Hospital Alice","Alice","Texas"
"/free_profile/450082/CHRISTUS_Spohn_Hospital_Beeville/Beeville/Texas/","450082","CHRISTUS Spohn Hospital Beeville","Beeville","Texas"
"/free_profile/I41265/CHRISTUS_Spohn_Hospital_Corpus_Christi_-_South/Corpus_Christi/Texas/","I41265","CHRISTUS Spohn Hospital Corpus Christi - South","Corpus_Christi","Texas"
"/free_profile/450046/CHRISTUS_Spohn_Hospital_Corpus_Christi_-Shoreline/Corpus_Christi/Texas/","450046","CHRISTUS Spohn Hospital Corpus Christi -Shoreline","Corpus_Christi","Texas"
"/free_profile/451319/CHRISTUS_Trinity_Clinic/Jacksonville/Texas/","451319","CHRISTUS Trinity Clinic","Jacksonville","Texas"
"/free_profile/I42356/CHRISTUS_Trinity_Mother_Frances_Hospital_-_South_Tyler/Tyler/Texas/","I42356","CHRISTUS Trinity Mother Frances Hospital - South Tyler","Tyler","Texas"
"/free_profile/I42092/CHRISTUS_Trinity_Mother_Frances_Louis_and_Peaches_Owen_Heart_Hospital/Tyler/Texas/","I42092","CHRISTUS Trinity Mother Frances Louis and Peaches Owen Heart Hospital","Tyler","Texas"
"/free_profile/453056/CHRISTUS_Trinity_Mother_Frances_Rehabilitation_Hospital/Tyler/Texas/","453056","CHRISTUS Trinity Mother Frances Rehabilitation Hospital","Tyler","Texas"
"/free_profile/450023/Citizens_Medical_Center/Victoria/Texas/","450023","Citizens Medical Center","Victoria","Texas"
"/free_profile/I08147/Clarity_Child_Guidance_Center/San_Antonio/Texas/","I08147","Clarity Child Guidance Center","San_Antonio","Texas"
"/free_profile/451362/Clay_County_Memorial_Hospital/Henrietta/Texas/","451362","Clay County Memorial Hospital","Henrietta","Texas"
"/free_profile/673076/ClearSky_Rehabilitation_Hospital_of_Flower_Mound/Flower_Mound/Texas/","673076","ClearSky Rehabilitation Hospital of Flower Mound","Flower_Mound","Texas"
"/free_profile/673062/ClearSky_Rehabilitation_Hospital_of_Weatherford/Weatherford/Texas/","673062","ClearSky Rehabilitation Hospital of Weatherford","Weatherford","Texas"
"/free_profile/451366/Cochran_Memorial_Hospital/Morton/Texas/","451366","Cochran Memorial Hospital","Morton","Texas"
"/free_profile/451384/Cogdell_Memorial_Hospital/Snyder/Texas/","451384","Cogdell Memorial Hospital","Snyder","Texas"
"/free_profile/451347/Coleman_County_Medical_Center/Coleman/Texas/","451347","Coleman County Medical Center","Coleman","Texas"
"/free_profile/451355/Collingsworth_General_Hospital/Wellington/Texas/","451355","Collingsworth General Hospital","Wellington","Texas"
"/free_profile/450370/Columbus_Community_Hospital/Columbus/Texas/","450370","Columbus Community Hospital","Columbus","Texas"
"/free_profile/451382/Comanche_County_Medical_Center/Comanche/Texas/","451382","Comanche County Medical Center","Comanche","Texas"
"/free_profile/451325/Concho_County_Hospital/Eden/Texas/","451325","Concho County Hospital","Eden","Texas"
"/free_profile/450108/Connally_Memorial_Medical_Center/Floresville/Texas/","450108","Connally Memorial Medical Center","Floresville","Texas"
"/free_profile/452029/ContinueCARE_Hospital_at_Hendrick_Medical_Center/Abilene/Texas/","452029","ContinueCARE Hospital at Hendrick Medical Center","Abilene","Texas"
"/free_profile/452121/ContinueCARE_Hospital_at_Medical_Center_%28Odessa%29/Odessa/Texas/","452121","ContinueCARE Hospital at Medical Center %28Odessa%29","Odessa","Texas"
"/free_profile/453300/Cook_Children%27s_Medical_Center/Fort_Worth/Texas/","453300","Cook Children's Medical Center","Fort_Worth","Texas"
"/free_profile/451331/Coon_Memorial_Hospital/Dalhart/Texas/","451331","Coon Memorial Hospital","Dalhart","Texas"
"/free_profile/450825/Cornerstone_Regional_Hospital/Edinburg/Texas/","450825","Cornerstone Regional Hospital","Edinburg","Texas"
"/free_profile/452034/Cornerstone_Specialty_Hospitals_Austin/Austin/Texas/","452034","Cornerstone Specialty Hospitals Austin","Austin","Texas"
"/free_profile/452032/Cornerstone_Specialty_Hospitals_Clear_Lake/Webster/Texas/","452032","Cornerstone Specialty Hospitals Clear Lake","Webster","Texas"
"/free_profile/452107/Cornerstone_Specialty_Hospitals_Conroe/Conroe/Texas/","452107","Cornerstone Specialty Hospitals Conroe","Conroe","Texas"
"/free_profile/452046/Cornerstone_Specialty_Hospitals_Houston_Medical_Center/Houston/Texas/","452046","Cornerstone Specialty Hospitals Houston Medical Center","Houston","Texas"
"/free_profile/I41975/Cornerstone_Specialty_Hospitals_Round_Rock/Round_Rock/Texas/","I41975","Cornerstone Specialty Hospitals Round Rock","Round_Rock","Texas"
"/free_profile/I41082/Corpus_Christi_Medical_Center_-_The_Heart_Hospital/Corpus_Christi/Texas/","I41082","Corpus Christi Medical Center - The Heart Hospital","Corpus_Christi","Texas"
"/free_profile/I41081/Corpus_Christi_Medical_Center_Bay_Area/Corpus_Christi/Texas/","I41081","Corpus Christi Medical Center Bay Area","Corpus_Christi","Texas"
"/free_profile/454096/Corpus_Christi_Medical_Center_Bayview/Corpus_Christi/Texas/","454096","Corpus Christi Medical Center Bayview","Corpus_Christi","Texas"
"/free_profile/450788/Corpus_Christi_Medical_Center_Doctors_Regional/Corpus_Christi/Texas/","450788","Corpus Christi Medical Center Doctors Regional","Corpus_Christi","Texas"
"/free_profile/450131/Corpus_Christi_Medical_Center_ER_24%2F7_Northwest/Corpus_Christi/Texas/","450131","Corpus Christi Medical Center ER 24%2F7 Northwest","Corpus_Christi","Texas"
"/free_profile/673053/Corpus_Christi_Rehabilitation_Hospital/Corpus_Christi/Texas/","673053","Corpus Christi Rehabilitation Hospital","Corpus_Christi","Texas"
"/free_profile/451379/Coryell_Memorial_Hospital/Gatesville/Texas/","451379","Coryell Memorial Hospital","Gatesville","Texas"
"/free_profile/453306/Covenant_Children%27s_Hospital/Lubbock/Texas/","453306","Covenant Children's Hospital","Lubbock","Texas"
"/free_profile/450755/Covenant_Health_Levelland/Levelland/Texas/","450755","Covenant Health Levelland","Levelland","Texas"
"/free_profile/450539/Covenant_Health_Plainview/Plainview/Texas/","450539","Covenant Health Plainview","Plainview","Texas"
"/free_profile/450040/Covenant_Medical_Center/Lubbock/Texas/","450040","Covenant Medical Center","Lubbock","Texas"
"/free_profile/452102/Covenant_Specialty_Hospital/Lubbock/Texas/","452102","Covenant Specialty Hospital","Lubbock","Texas"
"/free_profile/451353/Crane_Memorial_Hospital/Crane/Texas/","451353","Crane Memorial Hospital","Crane","Texas"
"/free_profile/670090/Crescent_Medical_Center_Lancaster/Lancaster/Texas/","670090","Crescent Medical Center Lancaster","Lancaster","Texas"
"/free_profile/451393/Crockett_Medical_Center/Crockett/Texas/","451393","Crockett Medical Center","Crockett","Texas"
"/free_profile/451345/Crosbyton_Clinic_Hospital/Crosbyton/Texas/","451345","Crosbyton Clinic Hospital","Crosbyton","Texas"
"/free_profile/454133/Cross_Creek_Hospital/Austin/Texas/","454133","Cross Creek Hospital","Austin","Texas"
"/free_profile/451338/Culberson_Hospital/Van_Horn/Texas/","451338","Culberson Hospital","Van_Horn","Texas"
"/free_profile/454108/Cypress_Creek_Hospital/Houston/Texas/","454108","Cypress Creek Hospital","Houston","Texas"
"/free_profile/454126/Dallas_Behavioral_Healthcare_Hospital/De_Soto/Texas/","454126","Dallas Behavioral Healthcare Hospital","De_Soto","Texas"
"/free_profile/450379/Dallas_Medical_Center/Dallas/Texas/","450379","Dallas Medical Center","Dallas","Texas"
"/free_profile/450688/Dallas_Regional_Medical_Center/Mesquite/Texas/","450688","Dallas Regional Medical Center","Mesquite","Texas"
"/free_profile/45066F/Dallas_VA_Medical_Center/Dallas/Texas/","45066F","Dallas VA Medical Center","Dallas","Texas"
"/free_profile/450646/Del_Sol_Medical_Center/El_Paso/Texas/","450646","Del Sol Medical Center","El_Paso","Texas"
"/free_profile/453310/Dell_Children%27s_Medical_Center_of_Central_Texas/Austin/Texas/","453310","Dell Children's Medical Center of Central Texas","Austin","Texas"
"/free_profile/I42177/Dell_Seton_Medical_Center_at_The_University_of_Texas/Austin/Texas/","I42177","Dell Seton Medical Center at The University of Texas","Austin","Texas"
"/free_profile/450147/DeTar_Hospital_Navarro/Victoria/Texas/","450147","DeTar Hospital Navarro","Victoria","Texas"
"/free_profile/450724/DeTar_Hospital_North/Victoria/Texas/","450724","DeTar Hospital North","Victoria","Texas"
"/free_profile/450869/DHR_Health/Edinburg/Texas/","450869","DHR Health","Edinburg","Texas"
"/free_profile/451390/Dimmit_Regional_Hospital/Carrizo_Springs/Texas/","451390","Dimmit Regional Hospital","Carrizo_Springs","Texas"
"/free_profile/450643/Doctors_Hospital_of_Laredo/Laredo/Texas/","450643","Doctors Hospital of Laredo","Laredo","Texas"
"/free_profile/I42156/Doris_Miller_Department_of_Veterans_Affairs_Medical_Center_/Waco/Texas/","I42156","Doris Miller Department of Veterans Affairs Medical Center ","Waco","Texas"
"/free_profile/453301/Driscoll_Children%27s_Hospital/Corpus_Christi/Texas/","453301","Driscoll Children's Hospital","Corpus_Christi","Texas"
"/free_profile/670102/East_Houston_Hospital_and_Clinics/Houston/Texas/","670102","East Houston Hospital and Clinics","Houston","Texas"
"/free_profile/450411/Eastland_Memorial_Hospital/Eastland/Texas/","450411","Eastland Memorial Hospital","Eastland","Texas"
"/free_profile/450694/El_Campo_Memorial_Hospital/El_Campo/Texas/","450694","El Campo Memorial Hospital","El_Campo","Texas"
"/free_profile/454109/El_Paso_Behavioral_Health_System/El_Paso/Texas/","454109","El Paso Behavioral Health System","El_Paso","Texas"
"/free_profile/453313/El_Paso_Children%27s_Hospital_/El_Paso/Texas/","453313","El Paso Children's Hospital ","El_Paso","Texas"
"/free_profile/452122/El_Paso_LTAC_Hospital/El_Paso/Texas/","452122","El Paso LTAC Hospital","El_Paso","Texas"
"/free_profile/454100/El_Paso_Psychiatric_Center/El_Paso/Texas/","454100","El Paso Psychiatric Center","El_Paso","Texas"
"/free_profile/451343/Electra_Hospital_District/Electra/Texas/","451343","Electra Hospital District","Electra","Texas"
"/free_profile/673039/Encompass_Health_Rehabilitation_Hospital_of_Abilene/Abilene/Texas/","673039","Encompass Health Rehabilitation Hospital of Abilene","Abilene","Texas"
"/free_profile/453040/Encompass_Health_Rehabilitation_Hospital_of_Arlington/Arlington/Texas/","453040","Encompass Health Rehabilitation Hospital of Arlington","Arlington","Texas"
"/free_profile/673054/Encompass_Health_Rehabilitation_Hospital_of_Austin/Austin/Texas/","673054","Encompass Health Rehabilitation Hospital of Austin","Austin","Texas"
"/free_profile/453042/Encompass_Health_Rehabilitation_Hospital_of_City_View/Fort_Worth/Texas/","453042","Encompass Health Rehabilitation Hospital of City View","Fort_Worth","Texas"
"/free_profile/673050/Encompass_Health_Rehabilitation_Hospital_of_Cypress_/Houston/Texas/","673050","Encompass Health Rehabilitation Hospital of Cypress ","Houston","Texas"
"/free_profile/673043/Encompass_Health_Rehabilitation_Hospital_of_Dallas/Dallas/Texas/","673043","Encompass Health Rehabilitation Hospital of Dallas","Dallas","Texas"
"/free_profile/453029/Encompass_Health_Rehabilitation_Hospital_of_Humble/Humble/Texas/","453029","Encompass Health Rehabilitation Hospital of Humble","Humble","Texas"
"/free_profile/673071/Encompass_Health_Rehabilitation_Hospital_of_Katy/Katy/Texas/","673071","Encompass Health Rehabilitation Hospital of Katy","Katy","Texas"
"/free_profile/453057/Encompass_Health_Rehabilitation_Hospital_of_Midland_Odessa/Midland/Texas/","453057","Encompass Health Rehabilitation Hospital of Midland Odessa","Midland","Texas"
"/free_profile/673066/Encompass_Health_Rehabilitation_Hospital_of_Pearland/Pearland/Texas/","673066","Encompass Health Rehabilitation Hospital of Pearland","Pearland","Texas"
"/free_profile/453047/Encompass_Health_Rehabilitation_Hospital_of_Plano/Plano/Texas/","453047","Encompass Health Rehabilitation Hospital of Plano","Plano","Texas"
"/free_profile/673029/Encompass_Health_Rehabilitation_Hospital_of_Richardson/Richardson/Texas/","673029","Encompass Health Rehabilitation Hospital of Richardson","Richardson","Texas"
"/free_profile/453031/Encompass_Health_Rehabilitation_Hospital_of_San_Antonio/San_Antonio/Texas/","453031","Encompass Health Rehabilitation Hospital of San Antonio","San_Antonio","Texas"
"/free_profile/673042/Encompass_Health_Rehabilitation_Hospital_of_Sugar_Land/Sugar_Land/Texas/","673042","Encompass Health Rehabilitation Hospital of Sugar Land","Sugar_Land","Texas"
"/free_profile/453053/Encompass_Health_Rehabilitation_Hospital_of_Texarkana/Texarkana/Texas/","453053","Encompass Health Rehabilitation Hospital of Texarkana","Texarkana","Texas"
"/free_profile/673044/Encompass_Health_Rehabilitation_Hospital_of_the_Mid_Cities/Bedford/Texas/","673044","Encompass Health Rehabilitation Hospital of the Mid Cities","Bedford","Texas"
"/free_profile/673079/Encompass_Health_Rehabilitation_Hospital_of_Waco/Robinson/Texas/","673079","Encompass Health Rehabilitation Hospital of Waco","Robinson","Texas"
"/free_profile/453054/Encompass_Health_Rehabilitation_Hospital_of_Wichita_Falls/Wichita_Falls/Texas/","453054","Encompass Health Rehabilitation Hospital of Wichita Falls","Wichita_Falls","Texas"
"/free_profile/673052/Encompass_Health_Rehabilitation_Hospital_The_Vintage/Houston/Texas/","673052","Encompass Health Rehabilitation Hospital The Vintage","Houston","Texas"
"/free_profile/453059/Encompass_Health_Rehabilitation_Hospital_The_Woodlands/Conroe/Texas/","453059","Encompass Health Rehabilitation Hospital The Woodlands","Conroe","Texas"
"/free_profile/673034/Encompass_Health_Rehabilitation_Hospital_Vision_Park/Shenandoah/Texas/","673034","Encompass Health Rehabilitation Hospital Vision Park","Shenandoah","Texas"
"/free_profile/450833/Ennis_Regional_Medical_Center/Ennis/Texas/","450833","Ennis Regional Medical Center","Ennis","Texas"
"/free_profile/670133/ER_of_Texas-Medical_Center/Mansfield/Texas/","670133","ER of Texas-Medical Center","Mansfield","Texas"
"/free_profile/673073/Everest_Rehabilitation_Hospital_of_Longview/Longview/Texas/","673073","Everest Rehabilitation Hospital of Longview","Longview","Texas"
"/free_profile/673074/Everest_Rehabilitation_Hospital_of_Temple/Temple/Texas/","673074","Everest Rehabilitation Hospital of Temple","Temple","Texas"
"/free_profile/450241/Faith_Community_Hospital/Jacksboro/Texas/","450241","Faith Community Hospital","Jacksboro","Texas"
"/free_profile/450348/Falls_Community_Hospital_and_Clinic/Marlin/Texas/","450348","Falls Community Hospital and Clinic","Marlin","Texas"
"/free_profile/I41060/Federal_Medical_Center_Carswell/Fort_Worth/Texas/","I41060","Federal Medical Center Carswell","Fort_Worth","Texas"
"/free_profile/670029/First_Surgical_Hospital/Bellaire/Texas/","670029","First Surgical Hospital","Bellaire","Texas"
"/free_profile/451313/Fisher_County_Hospital/Rotan/Texas/","451313","Fisher County Hospital","Rotan","Texas"
"/free_profile/I42313/Fort_Behavioral_Health/Fort_Worth/Texas/","I42313","Fort Behavioral Health","Fort_Worth","Texas"
"/free_profile/450092/Fort_Duncan_Regional_Medical_Center/Eagle_Pass/Texas/","450092","Fort Duncan Regional Medical Center","Eagle_Pass","Texas"
"/free_profile/450877/Foundation_Surgical_Hospital_of_El_Paso/El_Paso/Texas/","450877","Foundation Surgical Hospital of El Paso","El_Paso","Texas"
"/free_profile/670054/Foundation_Surgical_Hospital_of_San_Antonio/San_Antonio/Texas/","670054","Foundation Surgical Hospital of San Antonio","San_Antonio","Texas"
"/free_profile/450658/Freestone_Medical_Center/Fairfield/Texas/","450658","Freestone Medical Center","Fairfield","Texas"
"/free_profile/451391/Frio_Regional_Hospital/Pearsall/Texas/","451391","Frio Regional Hospital","Pearsall","Texas"
"/free_profile/45063F/George_H_O%27Brien%2C_Jr%2C_Department_of_Veterans_Affairs_Medical_Center/Big_Spring/Texas/","45063F","George H O'Brien%2C Jr%2C Department of Veterans Affairs Medical Center","Big_Spring","Texas"
"/free_profile/454129/Georgetown_Behavioral_Health_Institute/Georgetown/Texas/","454129","Georgetown Behavioral Health Institute","Georgetown","Texas"
"/free_profile/454050/Glen_Oaks_Hospital/Greenville/Texas/","454050","Glen Oaks Hospital","Greenville","Texas"
"/free_profile/450451/Glen_Rose_Medical_Center/Glen_Rose/Texas/","450451","Glen Rose Medical Center","Glen_Rose","Texas"
"/free_profile/451369/Golden_Plains_Community_Hospital/Borger/Texas/","451369","Golden Plains Community Hospital","Borger","Texas"
"/free_profile/450235/Gonzales_Memorial_Hospital/Gonzales/Texas/","450235","Gonzales Memorial Hospital","Gonzales","Texas"
"/free_profile/451385/Goodall_Witcher_Healthcare/Clifton/Texas/","451385","Goodall Witcher Healthcare","Clifton","Texas"
"/free_profile/450085/Graham_Regional_Medical_Center/Graham/Texas/","450085","Graham Regional Medical Center","Graham","Texas"
"/free_profile/450104/Guadalupe_Regional_Medical_Center/Seguin/Texas/","450104","Guadalupe Regional Medical Center","Seguin","Texas"
"/free_profile/451392/Hamilton_County_Hospital/Hamilton/Texas/","451392","Hamilton County Hospital","Hamilton","Texas"
"/free_profile/451344/Hansford_County_Hospital_District/Spearman/Texas/","451344","Hansford County Hospital District","Spearman","Texas"
"/free_profile/451352/Hardeman_County_Memorial_Hospital/Quanah/Texas/","451352","Hardeman County Memorial Hospital","Quanah","Texas"
"/free_profile/450855/Harlingen_Medical_Center/Harlingen/Texas/","450855","Harlingen Medical Center","Harlingen","Texas"
"/free_profile/451341/Haskell_Memorial_Hospital/Haskell/Texas/","451341","Haskell Memorial Hospital","Haskell","Texas"
"/free_profile/454134/Haven_Behavioral_Hospital_of_Frisco/Frisco/Texas/","454134","Haven Behavioral Hospital of Frisco","Frisco","Texas"
"/free_profile/450617/HCA_Houston_Healthcare_Clear_Lake/Webster/Texas/","450617","HCA Houston Healthcare Clear Lake","Webster","Texas"
"/free_profile/450222/HCA_Houston_Healthcare_Conroe/Conroe/Texas/","450222","HCA Houston Healthcare Conroe","Conroe","Texas"
"/free_profile/450530/HCA_Houston_Healthcare_Mainland/Texas_City/Texas/","450530","HCA Houston Healthcare Mainland","Texas_City","Texas"
"/free_profile/670024/HCA_Houston_Healthcare_North_Cypress/Cypress/Texas/","670024","HCA Houston Healthcare North Cypress","Cypress","Texas"
"/free_profile/450638/HCA_Houston_Healthcare_Northwest/Houston/Texas/","450638","HCA Houston Healthcare Northwest","Houston","Texas"
"/free_profile/670106/HCA_Houston_Healthcare_Pearland/Pearland/Texas/","670106","HCA Houston Healthcare Pearland","Pearland","Texas"
"/free_profile/450097/HCA_Houston_Healthcare_Southeast/Pasadena/Texas/","450097","HCA Houston Healthcare Southeast","Pasadena","Texas"
"/free_profile/450670/HCA_Houston_Healthcare_Tomball_/Tomball/Texas/","450670","HCA Houston Healthcare Tomball ","Tomball","Texas"
"/free_profile/450644/HCA_Houston_Healthcare_West_/Houston/Texas/","450644","HCA Houston Healthcare West ","Houston","Texas"
"/free_profile/450824/Heart_Hospital_of_Austin/Austin/Texas/","450824","Heart Hospital of Austin","Austin","Texas"
"/free_profile/451348/Heart_of_Texas_Memorial_Hospital/Brady/Texas/","451348","Heart of Texas Memorial Hospital","Brady","Texas"
"/free_profile/450578/Hemphill_County_Hospital/Canadian/Texas/","450578","Hemphill County Hospital","Canadian","Texas"
"/free_profile/450229/Hendrick_Medical_Center/Abilene/Texas/","450229","Hendrick Medical Center","Abilene","Texas"
"/free_profile/450587/Hendrick_Medical_Center_Brownwood/Brownwood/Texas/","450587","Hendrick Medical Center Brownwood","Brownwood","Texas"
"/free_profile/450558/Hendrick_Medical_Center_South/Abilene/Texas/","450558","Hendrick Medical Center South","Abilene","Texas"
"/free_profile/450155/Hereford_Regional_Medical_Center/Hereford/Texas/","450155","Hereford Regional Medical Center","Hereford","Texas"
"/free_profile/454065/Hickory_Trail_Hospital/DeSoto/Texas/","454065","Hickory Trail Hospital","DeSoto","Texas"
"/free_profile/450604/Hill_Country_Memorial_Hospital/Fredericksburg/Texas/","450604","Hill Country Memorial Hospital","Fredericksburg","Texas"
"/free_profile/451395/Hill_Regional_Hospital/Hillsboro/Texas/","451395","Hill Regional Hospital","Hillsboro","Texas"
"/free_profile/454135/Houston_Behavioral_Healthcare_Hospital/Houston/Texas/","454135","Houston Behavioral Healthcare Hospital","Houston","Texas"
"/free_profile/450424/Houston_Methodist_Baytown_Hospital/Baytown/Texas/","450424","Houston Methodist Baytown Hospital","Baytown","Texas"
"/free_profile/450709/Houston_Methodist_Clear_Lake_Hospital/Nassau_Bay/Texas/","450709","Houston Methodist Clear Lake Hospital","Nassau_Bay","Texas"
"/free_profile/452118/Houston_Methodist_Continuing_Care_Hospital/Katy/Texas/","452118","Houston Methodist Continuing Care Hospital","Katy","Texas"
"/free_profile/450358/Houston_Methodist_Hospital/Houston/Texas/","450358","Houston Methodist Hospital","Houston","Texas"
"/free_profile/450820/Houston_Methodist_Sugar_Land_Hospital/Sugar_Land/Texas/","450820","Houston Methodist Sugar Land Hospital","Sugar_Land","Texas"
"/free_profile/670122/Houston_Methodist_The_Woodlands_Hospital/The_Woodlands/Texas/","670122","Houston Methodist The Woodlands Hospital","The_Woodlands","Texas"
"/free_profile/670077/Houston_Methodist_West_Hospital_/Houston/Texas/","670077","Houston Methodist West Hospital ","Houston","Texas"
"/free_profile/450844/Houston_Methodist_Willowbrook_Hospital/Houston/Texas/","450844","Houston Methodist Willowbrook Hospital","Houston","Texas"
"/free_profile/670008/Houston_Physicians%27_Hospital/Webster/Texas/","670008","Houston Physicians' Hospital","Webster","Texas"
"/free_profile/450352/Hunt_Regional_Medical_Center/Greenville/Texas/","450352","Hunt Regional Medical Center","Greenville","Texas"
"/free_profile/450347/Huntsville_Memorial_Hospital/Huntsville/Texas/","450347","Huntsville Memorial Hospital","Huntsville","Texas"
"/free_profile/454083/IntraCare_North_Hospital/Houston/Texas/","454083","IntraCare North Hospital","Houston","Texas"
"/free_profile/451307/Iraan_General_Hospital/Iraan/Texas/","451307","Iraan General Hospital","Iraan","Texas"
"/free_profile/451363/Jackson_County_Hospital_District/Edna/Texas/","451363","Jackson County Hospital District","Edna","Texas"
"/free_profile/450039/John_Peter_Smith_Hospital/Fort_Worth/Texas/","450039","John Peter Smith Hospital","Fort_Worth","Texas"
"/free_profile/673030/Kate_Dishman_Rehabilitation_Hospital_Beamount/Beaumont/Texas/","673030","Kate Dishman Rehabilitation Hospital Beamount","Beaumont","Texas"
"/free_profile/450827/Kell_West_Regional_Hospital/Wichita_Falls/Texas/","450827","Kell West Regional Hospital","Wichita_Falls","Texas"
"/free_profile/454014/Kerrville_State_Hospital/Kerrville/Texas/","454014","Kerrville State Hospital","Kerrville","Texas"
"/free_profile/45075F/Kerrville_VA_Hospital/Kerrville/Texas/","45075F","Kerrville VA Hospital","Kerrville","Texas"
"/free_profile/451306/Kimble_Hospital/Junction/Texas/","451306","Kimble Hospital","Junction","Texas"
"/free_profile/452075/Kindred_Hospital__Clear_Lake/Webster/Texas/","452075","Kindred Hospital  Clear Lake","Webster","Texas"
"/free_profile/452079/Kindred_Hospital__El_Paso/El_Paso/Texas/","452079","Kindred Hospital  El Paso","El_Paso","Texas"
"/free_profile/452080/Kindred_Hospital__Sugar_Land/Sugar_Land/Texas/","452080","Kindred Hospital  Sugar Land","Sugar_Land","Texas"
"/free_profile/452108/Kindred_Hospital_Dallas_Central/Dallas/Texas/","452108","Kindred Hospital Dallas Central","Dallas","Texas"
"/free_profile/452023/Kindred_Hospital_Houston_Medical_Center_and_Acute_Rehabilitation_Unit/Houston/Texas/","452023","Kindred Hospital Houston Medical Center and Acute Rehabilitation Unit","Houston","Texas"
"/free_profile/452039/Kindred_Hospital_Houston_Northwest_and_Acute_Rehabilitation_Unit/Houston/Texas/","452039","Kindred Hospital Houston Northwest and Acute Rehabilitation Unit","Houston","Texas"
"/free_profile/452016/Kindred_Hospital_San_Antonio/San_Antonio/Texas/","452016","Kindred Hospital San Antonio","San_Antonio","Texas"
"/free_profile/452073/Kindred_Hospital_San_Antonio_Central/San_Antonio/Texas/","452073","Kindred Hospital San Antonio Central","San_Antonio","Texas"
"/free_profile/452028/Kindred_Hospital_Tarrant_County/Arlington/Texas/","452028","Kindred Hospital Tarrant County","Arlington","Texas"
"/free_profile/I07911/Kindred_Hospital_Tarrant_County_-_Fort_Worth_Southwest/Fort_Worth/Texas/","I07911","Kindred Hospital Tarrant County - Fort Worth Southwest","Fort_Worth","Texas"
"/free_profile/670285/Kingwood_Emergency_Hospital/Kingwood/Texas/","670285","Kingwood Emergency Hospital","Kingwood","Texas"
"/free_profile/454103/Kingwood_Pines_Hospital/Kingwood/Texas/","454103","Kingwood Pines Hospital","Kingwood","Texas"
"/free_profile/450128/Knapp_Medical_Center/Weslaco/Texas/","450128","Knapp Medical Center","Weslaco","Texas"
"/free_profile/451394/Knox_County_Hospital_District/Knox_City/Texas/","451394","Knox County Hospital District","Knox_City","Texas"
"/free_profile/452067/KPC_Promise_Hospital_of_Dallas/Dallas/Texas/","452067","KPC Promise Hospital of Dallas","Dallas","Texas"
"/free_profile/452068/KPC_Promise_of_Wichita_Falls/Wichita_Falls/Texas/","452068","KPC Promise of Wichita Falls","Wichita_Falls","Texas"
"/free_profile/I08111/La_Hacienda_Treatment_Center/Hunt/Texas/","I08111","La Hacienda Treatment Center","Hunt","Texas"
"/free_profile/450596/Lake_Granbury_Medical_Center/Granbury/Texas/","450596","Lake Granbury Medical Center","Granbury","Texas"
"/free_profile/450698/Lamb_Healthcare_Center/Littlefield/Texas/","450698","Lamb Healthcare Center","Littlefield","Texas"
"/free_profile/450029/Laredo_Medical_Center/Laredo/Texas/","450029","Laredo Medical Center","Laredo","Texas"
"/free_profile/673059/Laredo_Rehabilitation_Hospital/Laredo/Texas/","673059","Laredo Rehabilitation Hospital","Laredo","Texas"
"/free_profile/452096/Laredo_Specialty_Hospital/Laredo/Texas/","452096","Laredo Specialty Hospital","Laredo","Texas"
"/free_profile/453086/Las_Palmas_Del_Sol_Rehabilitation_Hospital_East/El_Paso/Texas/","453086","Las Palmas Del Sol Rehabilitation Hospital East","El_Paso","Texas"
"/free_profile/450107/Las_Palmas_Medical_Center/El_Paso/Texas/","450107","Las Palmas Medical Center","El_Paso","Texas"
"/free_profile/454060/Laurel_Ridge_Treatment_Center/San_Antonio/Texas/","454060","Laurel Ridge Treatment Center","San_Antonio","Texas"
"/free_profile/451376/Lavaca_Medical_Center/Hallettsville/Texas/","451376","Lavaca Medical Center","Hallettsville","Texas"
"/free_profile/670112/Legent_Orthopedic_and_Spine_/San_Antonio/Texas/","670112","Legent Orthopedic and Spine ","San_Antonio","Texas"
"/free_profile/451375/Liberty_Dayton_Regional_Medical_Center/Liberty/Texas/","451375","Liberty Dayton Regional Medical Center","Liberty","Texas"
"/free_profile/452044/LifeCare_Hospitals_of_Dallas/Dallas/Texas/","452044","LifeCare Hospitals of Dallas","Dallas","Texas"
"/free_profile/I07869/Lifecare_Hospitals_of_Fort_Worth/Fort_Worth/Texas/","I07869","Lifecare Hospitals of Fort Worth","Fort_Worth","Texas"
"/free_profile/I08202/LifeCare_Hospitals_of_Plano/Plano/Texas/","I08202","LifeCare Hospitals of Plano","Plano","Texas"
"/free_profile/451324/Lillian_M_Hudspeth_Memorial_Hospital/Sonora/Texas/","451324","Lillian M Hudspeth Memorial Hospital","Sonora","Texas"
"/free_profile/451303/Limestone_Medical_Center/Groesbeck/Texas/","451303","Limestone Medical Center","Groesbeck","Texas"
"/free_profile/454118/Lone_Star_Behavioral_Health/Cypress/Texas/","454118","Lone Star Behavioral Health","Cypress","Texas"
"/free_profile/450702/Longview_Regional_Medical_Center/Longview/Texas/","450702","Longview Regional Medical Center","Longview","Texas"
"/free_profile/450876/Lubbock_Heart_%26_Surgical_Hospital/Lubbock/Texas/","450876","Lubbock Heart & Surgical Hospital","Lubbock","Texas"
"/free_profile/I08187/Lyndon_B_Johnson_Hospital/Houston/Texas/","I08187","Lyndon B Johnson Hospital","Houston","Texas"
"/free_profile/451351/Lynn_County_Hospital/Tahoka/Texas/","451351","Lynn County Hospital","Tahoka","Texas"
"/free_profile/451333/Martin_County_Hospital/Stanton/Texas/","451333","Martin County Hospital","Stanton","Texas"
"/free_profile/450465/Matagorda_Regional_Medical_Center/Bay_City/Texas/","450465","Matagorda Regional Medical Center","Bay_City","Texas"
"/free_profile/670010/Mayhill_Hospital/Denton/Texas/","670010","Mayhill Hospital","Denton","Texas"
"/free_profile/451309/McCamey_County_Hospital_District/McCamey/Texas/","451309","McCamey County Hospital District","McCamey","Texas"
"/free_profile/450489/Medical_Arts_Hospital/Lamesa/Texas/","450489","Medical Arts Hospital","Lamesa","Texas"
"/free_profile/454151/Medical_Behavioral_Hospital_of_Clear_Lake/Houston/Texas/","454151","Medical Behavioral Hospital of Clear Lake","Houston","Texas"
"/free_profile/450132/Medical_Center_Hospital/Odessa/Texas/","450132","Medical Center Hospital","Odessa","Texas"
"/free_profile/670103/Medical_City_Alliance/Fort_Worth/Texas/","670103","Medical City Alliance","Fort_Worth","Texas"
"/free_profile/450675/Medical_City_Arlington/Arlington/Texas/","450675","Medical City Arlington","Arlington","Texas"
"/free_profile/I42114/Medical_City_Children%27s_Hospital/Dallas/Texas/","I42114","Medical City Children's Hospital","Dallas","Texas"
"/free_profile/450647/Medical_City_Dallas/Dallas/Texas/","450647","Medical City Dallas","Dallas","Texas"
"/free_profile/450634/Medical_City_Denton/Denton/Texas/","450634","Medical City Denton","Denton","Texas"
"/free_profile/450672/Medical_City_Fort_Worth/Fort_Worth/Texas/","450672","Medical City Fort Worth","Fort_Worth","Texas"
"/free_profile/I41936/Medical_City_Frisco_/Frisco_/Texas/","I41936","Medical City Frisco ","Frisco_","Texas"
"/free_profile/454094/Medical_City_Green_Oaks_Hospital/Dallas/Texas/","454094","Medical City Green Oaks Hospital","Dallas","Texas"
"/free_profile/450822/Medical_City_Las_Colinas_/Irving/Texas/","450822","Medical City Las Colinas ","Irving","Texas"
"/free_profile/450669/Medical_City_Lewisville/Lewisville/Texas/","450669","Medical City Lewisville","Lewisville","Texas"
"/free_profile/450403/Medical_City_McKinney_/McKinney/Texas/","450403","Medical City McKinney ","McKinney","Texas"
"/free_profile/450651/Medical_City_Plano/Plano/Texas/","450651","Medical City Plano","Plano","Texas"
"/free_profile/450203/Medical_City_Weatherford/Weatherford/Texas/","450203","Medical City Weatherford","Weatherford","Texas"
"/free_profile/451330/Medina_Regional_Hospital/Hondo/Texas/","451330","Medina Regional Hospital","Hondo","Texas"
"/free_profile/450068/Memorial_Hermann_-_Texas_Medical_Center/Houston/Texas/","450068","Memorial Hermann - Texas Medical Center","Houston","Texas"
"/free_profile/I42122/Memorial_Hermann_Cypress_Hospital/Cypress/Texas/","I42122","Memorial Hermann Cypress Hospital","Cypress","Texas"
"/free_profile/I41290/Memorial_Hermann_Greater_Heights_Hospital/Houston/Texas/","I41290","Memorial Hermann Greater Heights Hospital","Houston","Texas"
"/free_profile/450847/Memorial_Hermann_Katy_Hospital/Katy/Texas/","450847","Memorial Hermann Katy Hospital","Katy","Texas"
"/free_profile/450610/Memorial_Hermann_Memorial_City_Medical_Center/Houston/Texas/","450610","Memorial Hermann Memorial City Medical Center","Houston","Texas"
"/free_profile/450684/Memorial_Hermann_Northeast_Hospital/Humble/Texas/","450684","Memorial Hermann Northeast Hospital","Humble","Texas"
"/free_profile/I42186/Memorial_Hermann_Pearland_Hospital/Pearland_/Texas/","I42186","Memorial Hermann Pearland Hospital","Pearland_","Texas"
"/free_profile/673038/Memorial_Hermann_Rehabilitation_Hospital_-_Katy/Katy/Texas/","673038","Memorial Hermann Rehabilitation Hospital - Katy","Katy","Texas"
"/free_profile/I41159/Memorial_Hermann_Southeast_Hospital/Houston/Texas/","I41159","Memorial Hermann Southeast Hospital","Houston","Texas"
"/free_profile/450184/Memorial_Hermann_Southwest_Hospital/Houston/Texas/","450184","Memorial Hermann Southwest Hospital","Houston","Texas"
"/free_profile/450848/Memorial_Hermann_Sugar_Land_Hospital/Sugar_Land/Texas/","450848","Memorial Hermann Sugar Land Hospital","Sugar_Land","Texas"
"/free_profile/450860/Memorial_Hermann_Surgical_Hospital_First_Colony/Sugar_Land/Texas/","450860","Memorial Hermann Surgical Hospital First Colony","Sugar_Land","Texas"
"/free_profile/670005/Memorial_Hermann_Surgical_Hospital_Kingwood/Kingwood/Texas/","670005","Memorial Hermann Surgical Hospital Kingwood","Kingwood","Texas"
"/free_profile/450732/Memorial_Hermann_The_Woodlands_Medical_Center/The_Woodlands/Texas/","450732","Memorial Hermann The Woodlands Medical Center","The_Woodlands","Texas"
"/free_profile/451356/Memorial_Medical_Center/Port_Lavaca/Texas/","451356","Memorial Medical Center","Port_Lavaca","Texas"
"/free_profile/I07871/Meridell_Achievement_Center/Liberty_Hill/Texas/","I07871","Meridell Achievement Center","Liberty_Hill","Texas"
"/free_profile/454124/Mesa_Springs/Fort_Worth/Texas/","454124","Mesa Springs","Fort_Worth","Texas"
"/free_profile/673045/Mesquite_Rehabilitation_Institute/Mesquite/Texas/","673045","Mesquite Rehabilitation Institute","Mesquite","Texas"
"/free_profile/452100/Mesquite_Specialty_Hospital/Mesquite/Texas/","452100","Mesquite Specialty Hospital","Mesquite","Texas"
"/free_profile/450780/Methodist_Ambulatory_Surgery_Hospital/San_Antonio/Texas/","450780","Methodist Ambulatory Surgery Hospital","San_Antonio","Texas"
"/free_profile/450723/Methodist_Charlton_Medical_Center/Dallas/Texas/","450723","Methodist Charlton Medical Center","Dallas","Texas"
"/free_profile/450725/Methodist_Children%27s_Hospital/San_Antonio/Texas/","450725","Methodist Children's Hospital","San_Antonio","Texas"
"/free_profile/450051/Methodist_Dallas_Medical_Center/Dallas/Texas/","450051","Methodist Dallas Medical Center","Dallas","Texas"
"/free_profile/450388/Methodist_Hospital/San_Antonio/Texas/","450388","Methodist Hospital","San_Antonio","Texas"
"/free_profile/450165/Methodist_Hospital_Atascosa/Jourdanton/Texas/","450165","Methodist Hospital Atascosa","Jourdanton","Texas"
"/free_profile/670073/Methodist_Hospital_for_Surgery/Addison/Texas/","670073","Methodist Hospital for Surgery","Addison","Texas"
"/free_profile/450733/Methodist_Hospital_Northeast/Live_Oak/Texas/","450733","Methodist Hospital Northeast","Live_Oak","Texas"
"/free_profile/673040/Methodist_Hospital_Stone_Oak_Rehabilitation_Center/San_Antonio/Texas/","673040","Methodist Hospital Stone Oak Rehabilitation Center","San_Antonio","Texas"
"/free_profile/670023/Methodist_Mansfield_Medical_Center/Mansfield/Texas/","670023","Methodist Mansfield Medical Center","Mansfield","Texas"
"/free_profile/670069/Methodist_McKinney_Hospital/McKinney/Texas/","670069","Methodist McKinney Hospital","McKinney","Texas"
"/free_profile/670300/Methodist_Midlothian_Medical_Center/Midlothian/Texas/","670300","Methodist Midlothian Medical Center","Midlothian","Texas"
"/free_profile/673031/Methodist_Rehabilitation_Hospital/Dallas/Texas/","673031","Methodist Rehabilitation Hospital","Dallas","Texas"
"/free_profile/450537/Methodist_Richardson_Medical_Center/Richardson/Texas/","450537","Methodist Richardson Medical Center","Richardson","Texas"
"/free_profile/670132/Methodist_Southlake_Medical_Center/Southlake_/Texas/","670132","Methodist Southlake Medical Center","Southlake_","Texas"
"/free_profile/450631/Methodist_Specialty_and_Transplant_Hospital/San_Antonio/Texas/","450631","Methodist Specialty and Transplant Hospital","San_Antonio","Texas"
"/free_profile/670055/Methodist_Stone_Oak_Hospital/San_Antonio/Texas/","670055","Methodist Stone Oak Hospital","San_Antonio","Texas"
"/free_profile/450878/Methodist_Texsan_Hospital/San_Antonio/Texas/","450878","Methodist Texsan Hospital","San_Antonio","Texas"
"/free_profile/450633/Metropolitan_Methodist_Hospital/San_Antonio/Texas/","450633","Metropolitan Methodist Hospital","San_Antonio","Texas"
"/free_profile/45074F/Michael_E_DeBakey_Department_of_Veterans_Affairs_Medical_Center/Houston/Texas/","45074F","Michael E DeBakey Department of Veterans Affairs Medical Center","Houston","Texas"
"/free_profile/452083/Mid-Jefferson_Extended_Care_Hospital/Nederland/Texas/","452083","Mid-Jefferson Extended Care Hospital","Nederland","Texas"
"/free_profile/451396/MidCoast_Medical_Center_-_Central/Llano/Texas/","451396","MidCoast Medical Center - Central","Llano","Texas"
"/free_profile/450133/Midland_Memorial_Hospital/Midland/Texas/","450133","Midland Memorial Hospital","Midland","Texas"
"/free_profile/454012/Millwood_Hospital/Arlington/Texas/","454012","Millwood Hospital","Arlington","Texas"
"/free_profile/450176/Mission_Regional_Medical_Center/Mission/Texas/","450176","Mission Regional Medical Center","Mission","Texas"
"/free_profile/I41828/Mission_Trail_Baptist_Hospital/San_Antonio/Texas/","I41828","Mission Trail Baptist Hospital","San_Antonio","Texas"
"/free_profile/451342/Mitchell_County_Hospital/Colorado_City/Texas/","451342","Mitchell County Hospital","Colorado_City","Texas"
"/free_profile/451386/Moore_County_Hospital/Dumas/Texas/","451386","Moore County Hospital","Dumas","Texas"
"/free_profile/451335/Muenster_Memorial_Hospital/Muenster/Texas/","451335","Muenster Memorial Hospital","Muenster","Texas"
"/free_profile/451372/Muleshoe_Area_Medical_Center/Muleshoe/Texas/","451372","Muleshoe Area Medical Center","Muleshoe","Texas"
"/free_profile/450656/Nacogdoches_Medical_Center/Nacogdoches/Texas/","450656","Nacogdoches Medical Center","Nacogdoches","Texas"
"/free_profile/450508/Nacogdoches_Memorial_Hospital/Nacogdoches/Texas/","450508","Nacogdoches Memorial Hospital","Nacogdoches","Texas"
"/free_profile/450447/Navarro_Regional_Hospital/Corsicana/Texas/","450447","Navarro Regional Hospital","Corsicana","Texas"
"/free_profile/673049/New_Braunfels_Regional_Rehabilitation_Hospital/New_Braunfels/Texas/","673049","New Braunfels Regional Rehabilitation Hospital","New_Braunfels","Texas"
"/free_profile/453309/Nexus_Children%27s_Hospital_Houston/Houston/Texas/","453309","Nexus Children's Hospital Houston","Houston","Texas"
"/free_profile/I41753/Nexus_Neurorecovery_Center/Conroe/Texas/","I41753","Nexus Neurorecovery Center","Conroe","Texas"
"/free_profile/I41140/Nexus_Specialty_Hospital_-_Shenandoah_Campus/Shenandoah/Texas/","I41140","Nexus Specialty Hospital - Shenandoah Campus","Shenandoah","Texas"
"/free_profile/452057/Nexus_Specialty_Hospital_-_The_Woodlands_Campus/The_Woodlands/Texas/","452057","Nexus Specialty Hospital - The Woodlands Campus","The_Woodlands","Texas"
"/free_profile/450641/Nocona_General_Hospital/Nocona/Texas/","450641","Nocona General Hospital","Nocona","Texas"
"/free_profile/I08067/North_Central_Baptist_Hospital/San_Antonio/Texas/","I08067","North Central Baptist Hospital","San_Antonio","Texas"
"/free_profile/670049/North_Central_Surgical_Center_Hospital/Dallas/Texas/","670049","North Central Surgical Center Hospital","Dallas","Texas"
"/free_profile/451315/North_Runnels_Hospital_District/Winters/Texas/","451315","North Runnels Hospital District","Winters","Texas"
"/free_profile/450090/North_Texas_Medical_Center/Gainesville/Texas/","450090","North Texas Medical Center","Gainesville","Texas"
"/free_profile/454008/North_Texas_State_Hospital_-_Wichita_Falls_Campus/Wichita_Falls/Texas/","454008","North Texas State Hospital - Wichita Falls Campus","Wichita_Falls","Texas"
"/free_profile/454016/North_Texas_State_Hospital_Main_Campus/Vernon/Texas/","454016","North Texas State Hospital Main Campus","Vernon","Texas"
"/free_profile/I08068/Northeast_Baptist_Hospital/San_Antonio/Texas/","I08068","Northeast Baptist Hospital","San_Antonio","Texas"
"/free_profile/450808/Northwest_Hills_Surgical_Hospital/Austin/Texas/","450808","Northwest Hills Surgical Hospital","Austin","Texas"
"/free_profile/450796/Northwest_Surgical_Hospital/Amarillo/Texas/","450796","Northwest Surgical Hospital","Amarillo","Texas"
"/free_profile/450209/Northwest_Texas_Healthcare_System/Amarillo/Texas/","450209","Northwest Texas Healthcare System","Amarillo","Texas"
"/free_profile/450330/OakBend_Medical_Center/Richmond/Texas/","450330","OakBend Medical Center","Richmond","Texas"
"/free_profile/454122/Oceans_Behavioral_Hospital_Abilene/Abilene/Texas/","454122","Oceans Behavioral Hospital Abilene","Abilene","Texas"
"/free_profile/454154/Oceans_Behavioral_Hospital_Amarillo/Amarillo/Texas/","454154","Oceans Behavioral Hospital Amarillo","Amarillo","Texas"
"/free_profile/454136/Oceans_Behavioral_Hospital_Katy/Katy/Texas/","454136","Oceans Behavioral Hospital Katy","Katy","Texas"
"/free_profile/454117/Oceans_Behavioral_Hospital_Longview/Longview/Texas/","454117","Oceans Behavioral Hospital Longview","Longview","Texas"
"/free_profile/454123/Oceans_Behavioral_Hospital_Lufkin/Lufkin/Texas/","454123","Oceans Behavioral Hospital Lufkin","Lufkin","Texas"
"/free_profile/454147/Oceans_Behavioral_Hospital_of_Pasadena/Pasadena/Texas/","454147","Oceans Behavioral Hospital of Pasadena","Pasadena","Texas"
"/free_profile/454110/Oceans_Behavioral_Hospital_Permian_Basin/Midland/Texas/","454110","Oceans Behavioral Hospital Permian Basin","Midland","Texas"
"/free_profile/454150/Oceans_Behavioral_Hospital_Waco/Waco/Texas/","454150","Oceans Behavioral Hospital Waco","Waco","Texas"
"/free_profile/451359/Ochiltree_General_Hospital/Perryton/Texas/","451359","Ochiltree General Hospital","Perryton","Texas"
"/free_profile/450661/Odessa_Regional_Medical_Center_/Odessa/Texas/","450661","Odessa Regional Medical Center ","Odessa","Texas"
"/free_profile/451354/Olney_Hamilton_Hospital/Olney/Texas/","451354","Olney Hamilton Hospital","Olney","Texas"
"/free_profile/451320/OmniPoint_Health_Hospital/Anahuac/Texas/","451320","OmniPoint Health Hospital","Anahuac","Texas"
"/free_profile/451364/Otto_Kaiser_Memorial_Hospital/Kenedy/Texas/","451364","Otto Kaiser Memorial Hospital","Kenedy","Texas"
"/free_profile/451332/Palacios_Community_Medical_Center/Palacios/Texas/","451332","Palacios Community Medical Center","Palacios","Texas"
"/free_profile/450747/Palestine_Regional_Medical_Center/Palestine/Texas/","450747","Palestine Regional Medical Center","Palestine","Texas"
"/free_profile/453089/Palestine_Regional_West_Campus/Palestine/Texas/","453089","Palestine Regional West Campus","Palestine","Texas"
"/free_profile/454141/Palms_Behavioral_Health/Harlingen/Texas/","454141","Palms Behavioral Health","Harlingen","Texas"
"/free_profile/450565/Palo_Pinto_General_Hospital/Mineral_Wells/Texas/","450565","Palo Pinto General Hospital","Mineral_Wells","Texas"
"/free_profile/673025/PAM_Health_Rehabilitation_Hospital_of_Allen/Allen/Texas/","673025","PAM Health Rehabilitation Hospital of Allen","Allen","Texas"
"/free_profile/453048/PAM_Health_Rehabilitation_Hospital_of_Beaumont/Beaumont/Texas/","453048","PAM Health Rehabilitation Hospital of Beaumont","Beaumont","Texas"
"/free_profile/673061/PAM_Health_Rehabilitation_Hospital_of_Clear_Lake/Webster/Texas/","673061","PAM Health Rehabilitation Hospital of Clear Lake","Webster","Texas"
"/free_profile/673075/PAM_Health_Rehabilitation_Hospital_of_El_Paso/El_Paso_/Texas/","673075","PAM Health Rehabilitation Hospital of El Paso","El_Paso_","Texas"
"/free_profile/673072/PAM_Health_Rehabilitation_Hospital_of_Houston_Heights/Houston/Texas/","673072","PAM Health Rehabilitation Hospital of Houston Heights","Houston","Texas"
"/free_profile/673057/PAM_Health_Rehabilitation_Hospital_of_Kyle/Kyle/Texas/","673057","PAM Health Rehabilitation Hospital of Kyle","Kyle","Texas"
"/free_profile/673069/PAM_Health_Rehabilitation_Hospital_of_Round_Rock/Round_Rock/Texas/","673069","PAM Health Rehabilitation Hospital of Round Rock","Round_Rock","Texas"
"/free_profile/673067/PAM_Health_Specialty_and_Rehabilitation_Hospital_of_Corpus_Christi/Corpus_Christi/Texas/","673067","PAM Health Specialty and Rehabilitation Hospital of Corpus Christi","Corpus_Christi","Texas"
"/free_profile/452106/PAM_Health_Specialty_and_Rehabilitation_Hospital_of_New_Braunfels/New_Braunfels/Texas/","452106","PAM Health Specialty and Rehabilitation Hospital of New Braunfels","New_Braunfels","Texas"
"/free_profile/452086/PAM_Health_Specialty_Hospital_of_Corpus_Christi_North/Corpus_Christi/Texas/","452086","PAM Health Specialty Hospital of Corpus Christi North","Corpus_Christi","Texas"
"/free_profile/452062/PAM_Health_Specialty_Hospital_of_Luling/Luling/Texas/","452062","PAM Health Specialty Hospital of Luling","Luling","Texas"
"/free_profile/452090/PAM_Health_Specialty_Hospital_of_San_Antonio/San_Antonio/Texas/","452090","PAM Health Specialty Hospital of San Antonio","San_Antonio","Texas"
"/free_profile/452059/PAM_Health_Specialty_Hospital_of_San_Antonio_Medical_Center/San_Antonio/Texas/","452059","PAM Health Specialty Hospital of San Antonio Medical Center","San_Antonio","Texas"
"/free_profile/452061/PAM_Health_Specialty_Hospital_of_Texarkana/Texarkana/Texas/","452061","PAM Health Specialty Hospital of Texarkana","Texarkana","Texas"
"/free_profile/452094/PAM_Health_Specialty_Hospital_of_Victoria_North/Victoria/Texas/","452094","PAM Health Specialty Hospital of Victoria North","Victoria","Texas"
"/free_profile/452056/PAM_Health_Specialty_Hospital_of_Victoria_South/Victoria/Texas/","452056","PAM Health Specialty Hospital of Victoria South","Victoria","Texas"
"/free_profile/I42464/PAM_Health_Warm_Springs_Rehabilitation_Hospital_Northeast_San_Antonio/San_Antonio/Texas/","I42464","PAM Health Warm Springs Rehabilitation Hospital Northeast San Antonio","San_Antonio","Texas"
"/free_profile/453035/PAM_Health_Warm_Springs_Rehabilitation_Hospital_of_San_Antonio/San_Antonio/Texas/","453035","PAM Health Warm Springs Rehabilitation Hospital of San Antonio","San_Antonio","Texas"
"/free_profile/I41879/PAM_Health_Warm_Springs_Rehabilitation_Hospital_of_Westover_Hills/San_Antonio/Texas/","I41879","PAM Health Warm Springs Rehabilitation Hospital of Westover Hills","San_Antonio","Texas"
"/free_profile/673056/PAM_Rehabilitation_Hospital_of_Victoria/Victoria/Texas/","673056","PAM Rehabilitation Hospital of Victoria","Victoria","Texas"
"/free_profile/450099/Pampa_Regional_Medical_Center/Pampa/Texas/","450099","Pampa Regional Medical Center","Pampa","Texas"
"/free_profile/I41211/Panhandle_Surgical_Hospital/Amarillo/Texas/","I41211","Panhandle Surgical Hospital","Amarillo","Texas"
"/free_profile/450196/Paris_Regional_Medical_Center/Paris/Texas/","450196","Paris Regional Medical Center","Paris","Texas"
"/free_profile/450015/Parkland_Hospital/Dallas/Texas/","450015","Parkland Hospital","Dallas","Texas"
"/free_profile/451334/Parkview_Hospital/Wheeler/Texas/","451334","Parkview Hospital","Wheeler","Texas"
"/free_profile/450400/Parkview_Regional_Hospital/Mexia/Texas/","450400","Parkview Regional Hospital","Mexia","Texas"
"/free_profile/451300/Parmer_Medical_Center/Friona/Texas/","451300","Parmer Medical Center","Friona","Texas"
"/free_profile/451389/Pecos_County_Memorial_Hospital/Fort_Stockton/Texas/","451389","Pecos County Memorial Hospital","Fort_Stockton","Texas"
"/free_profile/454148/Perimeter_Behavioral_Hospital_of_Arlington/Arlington/Texas/","454148","Perimeter Behavioral Hospital of Arlington","Arlington","Texas"
"/free_profile/454149/Perimeter_Behavioral_Hospital_of_Dallas/Garland/Texas/","454149","Perimeter Behavioral Hospital of Dallas","Garland","Texas"
"/free_profile/450144/Permian_Regional_Medical_Center/Andrews/Texas/","450144","Permian Regional Medical Center","Andrews","Texas"
"/free_profile/450007/Peterson_Regional_Medical_Center/Kerrville/Texas/","450007","Peterson Regional Medical Center","Kerrville","Texas"
"/free_profile/451350/Plains_Memorial_Hospital/Dimmitt/Texas/","451350","Plains Memorial Hospital","Dimmitt","Texas"
"/free_profile/670195/Premier_ER_Plus-Temple/Temple/Texas/","670195","Premier ER Plus-Temple","Temple","Texas"
"/free_profile/452035/Premier_Specialty_Hospital_of_El_Paso/El_Paso/Texas/","452035","Premier Specialty Hospital of El Paso","El_Paso","Texas"
"/free_profile/450875/Quail_Creek_Surgical_Hospital/Amarillo/Texas/","450875","Quail Creek Surgical Hospital","Amarillo","Texas"
"/free_profile/451329/Rankin_County_Hospital_District/Rankin/Texas/","451329","Rankin County Hospital District","Rankin","Texas"
"/free_profile/451301/Reagan_Memorial_Hospital/Big_Lake/Texas/","451301","Reagan Memorial Hospital","Big_Lake","Texas"
"/free_profile/454018/Red_River_Hospital/Wichita_Falls/Texas/","454018","Red River Hospital","Wichita_Falls","Texas"
"/free_profile/451377/Reeves_County_Hospital_District/Pecos/Texas/","451377","Reeves County Hospital District","Pecos","Texas"
"/free_profile/451317/Refugio_County_Memorial_Hospital/Refugio/Texas/","451317","Refugio County Memorial Hospital","Refugio","Texas"
"/free_profile/670098/Resolute_Health_Hospital/New_Braunfels/Texas/","670098","Resolute Health Hospital","New_Braunfels","Texas"
"/free_profile/451312/Rice_Medical_Center/Eagle_Lake/Texas/","451312","Rice Medical Center","Eagle_Lake","Texas"
"/free_profile/451328/Riceland_Medical_Center/Winnie/Texas/","451328","Riceland Medical Center","Winnie","Texas"
"/free_profile/450711/Rio_Grande_Regional_Hospital/McAllen/Texas/","450711","Rio Grande Regional Hospital","McAllen","Texas"
"/free_profile/454088/Rio_Grande_State_Center/Harlingen/Texas/","454088","Rio Grande State Center","Harlingen","Texas"
"/free_profile/454146/Rio_Vista_Behavioral_Health_Hospital/El_Paso/Texas/","454146","Rio Vista Behavioral Health Hospital","El_Paso","Texas"
"/free_profile/454064/River_Crest_Hospital/San_Angelo/Texas/","454064","River Crest Hospital","San_Angelo","Texas"
"/free_profile/I42474/River_Oaks_Hospital/Houston/Texas/","I42474","River Oaks Hospital","Houston","Texas"
"/free_profile/454127/Rock_Springs/Georgetown/Texas/","454127","Rock Springs","Georgetown","Texas"
"/free_profile/670012/Rockets_Orthopedic_Hospital/Bellaire/Texas/","670012","Rockets Orthopedic Hospital","Bellaire","Texas"
"/free_profile/450055/Rolling_Plains_Memorial_Hospital/Sweetwater/Texas/","450055","Rolling Plains Memorial Hospital","Sweetwater","Texas"
"/free_profile/454009/Rusk_State_Hospital/Rusk/Texas/","454009","Rusk State Hospital","Rusk","Texas"
"/free_profile/451361/Sabine_County_Hospital/Hemphill/Texas/","451361","Sabine County Hospital","Hemphill","Texas"
"/free_profile/I42009/Saint_David%27s_Children%27s_Hospital/Austin/Texas/","I42009","Saint David's Children's Hospital","Austin","Texas"
"/free_profile/450191/Saint_David%27s_Georgetown_Hospital/Georgetown/Texas/","450191","Saint David's Georgetown Hospital","Georgetown","Texas"
"/free_profile/450809/Saint_David%27s_North_Austin_Medical_Center/Austin/Texas/","450809","Saint David's North Austin Medical Center","Austin","Texas"
"/free_profile/453038/Saint_David%27s_Rehabilitation_Hospital/Austin/Texas/","453038","Saint David's Rehabilitation Hospital","Austin","Texas"
"/free_profile/450718/Saint_David%27s_Round_Rock_Medical_Center/Round_Rock/Texas/","450718","Saint David's Round Rock Medical Center","Round_Rock","Texas"
"/free_profile/450713/Saint_David%27s_South_Austin_Medical_Center/Austin/Texas/","450713","Saint David's South Austin Medical Center","Austin","Texas"
"/free_profile/450035/Saint_Joseph_Medical_Center/Houston/Texas/","450035","Saint Joseph Medical Center","Houston","Texas"
"/free_profile/670004/Saint_Mark%27s_Medical_Center/La_Grange/Texas/","670004","Saint Mark's Medical Center","La_Grange","Texas"
"/free_profile/670314/Saint_Michael%27s_Elite_Hospital/Sugar_Land/Texas/","670314","Saint Michael's Elite Hospital","Sugar_Land","Texas"
"/free_profile/454132/San_Antonio_Behavioral_Healthcare_Hospital/San_Antonio/Texas/","454132","San Antonio Behavioral Healthcare Hospital","San_Antonio","Texas"
"/free_profile/454011/San_Antonio_State_Hospital/San_Antonio/Texas/","454011","San Antonio State Hospital","San_Antonio","Texas"
"/free_profile/450653/Scenic_Mountain_Medical_Center/Big_Spring/Texas/","450653","Scenic Mountain Medical Center","Big_Spring","Texas"
"/free_profile/451304/Schleicher_County_Medical_Center/Eldorado/Texas/","451304","Schleicher County Medical Center","Eldorado","Texas"
"/free_profile/670310/SE_Texas_ER_and_Hospital_Humble/Humble/Texas/","670310","SE Texas ER and Hospital Humble","Humble","Texas"
"/free_profile/673036/Select_Rehabilitation_Hospital_of_Denton/Denton/Texas/","673036","Select Rehabilitation Hospital of Denton","Denton","Texas"
"/free_profile/452119/Select_Specialty_Hospital_-_Dallas_Downtown/Dallas/Texas/","452119","Select Specialty Hospital - Dallas Downtown","Dallas","Texas"
"/free_profile/452022/Select_Specialty_Hospital_-_Dallas_Plano/Plano/Texas/","452022","Select Specialty Hospital - Dallas Plano","Plano","Texas"
"/free_profile/452087/Select_Specialty_Hospital_-_Longview/Longview/Texas/","452087","Select Specialty Hospital - Longview","Longview","Texas"
"/free_profile/451358/Seminole_Memorial_Hospital/Seminole/Texas/","451358","Seminole Memorial Hospital","Seminole","Texas"
"/free_profile/670080/Seton_Medical_Center_Harker_Heights/Harker_Heights/Texas/","670080","Seton Medical Center Harker Heights","Harker_Heights","Texas"
"/free_profile/450586/Seymour_Hospital/Seymour/Texas/","450586","Seymour Hospital","Seymour","Texas"
"/free_profile/451340/Shamrock_General_Hospital/Shamrock/Texas/","451340","Shamrock General Hospital","Shamrock","Texas"
"/free_profile/450571/Shannon_Medical_Center/San_Angelo/Texas/","450571","Shannon Medical Center","San_Angelo","Texas"
"/free_profile/673078/Shannon_Rehabilitation_Hospital/San_Angelo/Texas/","673078","Shannon Rehabilitation Hospital","San_Angelo","Texas"
"/free_profile/450340/Shannon_South/San_Angelo/Texas/","450340","Shannon South","San_Angelo","Texas"
"/free_profile/453311/Shriners_Children%27s_Texas/Galveston/Texas/","453311","Shriners Children's Texas","Galveston","Texas"
"/free_profile/I41519/Solara_Specialty_Hospitals_Brownsville/Brownsville/Texas/","I41519","Solara Specialty Hospitals Brownsville","Brownsville","Texas"
"/free_profile/452101/Solara_Specialty_Hospitals_Harlingen/Harlingen/Texas/","452101","Solara Specialty Hospitals Harlingen","Harlingen","Texas"
"/free_profile/452095/Solara_Specialty_Hospitals_McAllen/McAllen/Texas/","452095","Solara Specialty Hospitals McAllen","McAllen","Texas"
"/free_profile/673070/South_Plains_Rehabilitation_Hospital/Lubbock/Texas/","673070","South Plains Rehabilitation Hospital","Lubbock","Texas"
"/free_profile/I41528/South_Texas_Behavioral_Health_Center/Edinburg/Texas/","I41528","South Texas Behavioral Health Center","Edinburg","Texas"
"/free_profile/I42137/South_Texas_Health_System_Children%27s/Edinburg/Texas/","I42137","South Texas Health System Children's","Edinburg","Texas"
"/free_profile/450119/South_Texas_Health_System_Edinburg/Edinburg/Texas/","450119","South Texas Health System Edinburg","Edinburg","Texas"
"/free_profile/450811/South_Texas_Health_System_McAllen/McAllen/Texas/","450811","South Texas Health System McAllen","McAllen","Texas"
"/free_profile/453092/South_Texas_Rehabilitation_Hospital/Brownsville/Texas/","453092","South Texas Rehabilitation Hospital","Brownsville","Texas"
"/free_profile/450856/South_Texas_Spine_%26_Surgical_Hospital/San_Antonio/Texas/","450856","South Texas Spine & Surgical Hospital","San_Antonio","Texas"
"/free_profile/670061/South_Texas_Surgical_Hospital/Corpus_Christi/Texas/","670061","South Texas Surgical Hospital","Corpus_Christi","Texas"
"/free_profile/670280/Spring_Hospital/Spring/Texas/","670280","Spring Hospital","Spring","Texas"
"/free_profile/450431/St_David%27s_Medical_Center/Austin/Texas/","450431","St David's Medical Center","Austin","Texas"
"/free_profile/451305/St_Joseph_Health_Burleson_Hospital/Caldwell/Texas/","451305","St Joseph Health Burleson Hospital","Caldwell","Texas"
"/free_profile/450299/St_Joseph_Health_College_Station_Hospital/College_Station/Texas/","450299","St Joseph Health College Station Hospital","College_Station","Texas"
"/free_profile/451316/St_Joseph_Health_Madison_Hospital/Madisonville/Texas/","451316","St Joseph Health Madison Hospital","Madisonville","Texas"
"/free_profile/I08069/St_Luke%27s_Baptist_Hospital/San_Antonio/Texas/","I08069","St Luke's Baptist Hospital","San_Antonio","Texas"
"/free_profile/450193/St_Luke%27s_Health_-_Baylor_St_Luke%27s_Medical_Center/Houston/Texas/","450193","St Luke's Health - Baylor St Luke's Medical Center","Houston","Texas"
"/free_profile/450072/St_Luke%27s_Health_-_Brazosport_Hospital/Lake_Jackson/Texas/","450072","St Luke's Health - Brazosport Hospital","Lake_Jackson","Texas"
"/free_profile/451360/St_Luke%27s_Health_-_Memorial_Hospital_-_San_Augustine/San_Augustine/Texas/","451360","St Luke's Health - Memorial Hospital - San Augustine","San_Augustine","Texas"
"/free_profile/450395/St_Luke%27s_Health_-_Memorial_Livingston_Hospital/Livingston/Texas/","450395","St Luke's Health - Memorial Livingston Hospital","Livingston","Texas"
"/free_profile/450211/St_Luke%27s_Health_-_Memorial_Lufkin/Lufkin/Texas/","450211","St Luke's Health - Memorial Lufkin","Lufkin","Texas"
"/free_profile/450862/St_Luke%27s_Health_-The_Woodlands_Hospital/The_Woodlands/Texas/","450862","St Luke's Health -The Woodlands Hospital","The_Woodlands","Texas"
"/free_profile/450654/Starr_County_Memorial_Hospital/Rio_Grande_City/Texas/","450654","Starr County Memorial Hospital","Rio_Grande_City","Texas"
"/free_profile/450498/Stephens_Memorial_Hospital/Breckenridge/Texas/","450498","Stephens Memorial Hospital","Breckenridge","Texas"
"/free_profile/451318/Stonewall_Memorial_Hospital/Aspermont/Texas/","451318","Stonewall Memorial Hospital","Aspermont","Texas"
"/free_profile/673068/Sugar_Land_Rehab_Hospital/Sugarland/Texas/","673068","Sugar Land Rehab Hospital","Sugarland","Texas"
"/free_profile/454139/SUN_Behavioral_Health/Houston/Texas/","454139","SUN Behavioral Health","Houston","Texas"
"/free_profile/454093/Sunrise_Canyon_Hospital/Lubbock/Texas/","454093","Sunrise Canyon Hospital","Lubbock","Texas"
"/free_profile/450831/Surgery_Specialty_Hospitals_of_America_/Pasadena/Texas/","450831","Surgery Specialty Hospitals of America ","Pasadena","Texas"
"/free_profile/451311/Sweeny_Community_Hospital/Sweeny/Texas/","451311","Sweeny Community Hospital","Sweeny","Texas"
"/free_profile/451349/Swisher_Memorial_Hospital/Tulia/Texas/","451349","Swisher Memorial Hospital","Tulia","Texas"
"/free_profile/454006/Terrell_State_Hospital/Terrell/Texas/","454006","Terrell State Hospital","Terrell","Texas"
"/free_profile/670125/Texas_Center_for_Infectious_Disease/San_Antonio/Texas/","670125","Texas Center for Infectious Disease","San_Antonio","Texas"
"/free_profile/453304/Texas_Children%27s_Hospital/Houston/Texas/","453304","Texas Children's Hospital","Houston","Texas"
"/free_profile/I42199/Texas_Children%27s_Hospital_The_Woodlands/The_Woodlands/Texas/","I42199","Texas Children's Hospital The Woodlands","The_Woodlands","Texas"
"/free_profile/I42200/Texas_Children%27s_Hospital_West_Campus/Houston/Texas/","I42200","Texas Children's Hospital West Campus","Houston","Texas"
"/free_profile/670115/Texas_Emergency_Hospital/Cleveland/Texas/","670115","Texas Emergency Hospital","Cleveland","Texas"
"/free_profile/670085/Texas_Health_Alliance/Fort_Worth/Texas/","670085","Texas Health Alliance","Fort_Worth","Texas"
"/free_profile/450064/Texas_Health_Arlington_Memorial_Hospital/Arlington/Texas/","450064","Texas Health Arlington Memorial Hospital","Arlington","Texas"
"/free_profile/450419/Texas_Health_Azle/Azle/Texas/","450419","Texas Health Azle","Azle","Texas"
"/free_profile/450891/Texas_Health_Center_for_Diagnostics_%26_Surgery/Plano/Texas/","450891","Texas Health Center for Diagnostics & Surgery","Plano","Texas"
"/free_profile/I42147/Texas_Health_Clearfork/Fort_Worth/Texas/","I42147","Texas Health Clearfork","Fort_Worth","Texas"
"/free_profile/450148/Texas_Health_Cleburne/Cleburne/Texas/","450148","Texas Health Cleburne","Cleburne","Texas"
"/free_profile/450462/Texas_Health_Dallas_/Dallas/Texas/","450462","Texas Health Dallas ","Dallas","Texas"
"/free_profile/450743/Texas_Health_Denton/Denton/Texas/","450743","Texas Health Denton","Denton","Texas"
"/free_profile/670068/Texas_Health_Flower_Mound/Flower_Mound/Texas/","670068","Texas Health Flower Mound","Flower_Mound","Texas"
"/free_profile/450135/Texas_Health_Fort_Worth/Fort_Worth/Texas/","450135","Texas Health Fort Worth","Fort_Worth","Texas"
"/free_profile/670260/Texas_Health_Frisco/Frisco/Texas/","670260","Texas Health Frisco","Frisco","Texas"
"/free_profile/450888/Texas_Health_Harris_Methodist_Hospital_Southlake/Southlake/Texas/","450888","Texas Health Harris Methodist Hospital Southlake","Southlake","Texas"
"/free_profile/670071/Texas_Health_Heart_%26_Vascular_Hospital_Arlington_/Arlington/Texas/","670071","Texas Health Heart & Vascular Hospital Arlington ","Arlington","Texas"
"/free_profile/450639/Texas_Health_HEB/Bedford/Texas/","450639","Texas Health HEB","Bedford","Texas"
"/free_profile/450677/Texas_Health_Huguley_Hospital_Fort_Worth_South/Burleson/Texas/","450677","Texas Health Huguley Hospital Fort Worth South","Burleson","Texas"
"/free_profile/450292/Texas_Health_Kaufman/Kaufman/Texas/","450292","Texas Health Kaufman","Kaufman","Texas"
"/free_profile/670309/Texas_Health_Mansfield/Mansfield/Texas/","670309","Texas Health Mansfield","Mansfield","Texas"
"/free_profile/450771/Texas_Health_Plano/Plano/Texas/","450771","Texas Health Plano","Plano","Texas"
"/free_profile/450840/Texas_Health_Presbyterian_Hospital_Allen/Allen/Texas/","450840","Texas Health Presbyterian Hospital Allen","Allen","Texas"
"/free_profile/670044/Texas_Health_Rockwell/Rockwall/Texas/","670044","Texas Health Rockwell","Rockwall","Texas"
"/free_profile/450779/Texas_Health_Southwest_Fort_Worth/Fort_Worth/Texas/","450779","Texas Health Southwest Fort Worth","Fort_Worth","Texas"
"/free_profile/452018/Texas_Health_Specialty_Hospital/Fort_Worth/Texas/","452018","Texas Health Specialty Hospital","Fort_Worth","Texas"
"/free_profile/450351/Texas_Health_Stephenville/Stephenville/Texas/","450351","Texas Health Stephenville","Stephenville","Texas"
"/free_profile/450889/Texas_Institute_for_Surgery/Dallas/Texas/","450889","Texas Institute for Surgery","Dallas","Texas"
"/free_profile/452038/Texas_NeuroRehab_Center/Austin/Texas/","452038","Texas NeuroRehab Center","Austin","Texas"
"/free_profile/450804/Texas_Orthopedic_Hospital/Houston/Texas/","450804","Texas Orthopedic Hospital","Houston","Texas"
"/free_profile/673060/Texas_Rehabilitation_Hospital_of_Arlington/Arlington_/Texas/","673060","Texas Rehabilitation Hospital of Arlington","Arlington_","Texas"
"/free_profile/673048/Texas_Rehabilitation_Hospital_of_Fort_Worth/Fort_Worth/Texas/","673048","Texas Rehabilitation Hospital of Fort Worth","Fort_Worth","Texas"
"/free_profile/673077/Texas_Rehabilitation_Hospital_of_Keller/Keller/Texas/","673077","Texas Rehabilitation Hospital of Keller","Keller","Texas"
"/free_profile/453314/Texas_Scottish_Rite_Hospital_for_Children/Dallas/Texas/","453314","Texas Scottish Rite Hospital for Children","Dallas","Texas"
"/free_profile/I42483/Texas_Surgical_Hospital/Plano/Texas/","I42483","Texas Surgical Hospital","Plano","Texas"
"/free_profile/450697/Texas_Vista_Medical_Center/San_Antonio/Texas/","450697","Texas Vista Medical Center","San_Antonio","Texas"
"/free_profile/450324/Texoma_Medical_Center/Denison/Texas/","450324","Texoma Medical Center","Denison","Texas"
"/free_profile/670006/The_Hospital_at_Westlake_Medical_Center/West_Lake_Hills/Texas/","670006","The Hospital at Westlake Medical Center","West_Lake_Hills","Texas"
"/free_profile/670120/The_Hospitals_of_Providence_-_Transmountain_Campus/El_Paso/Texas/","670120","The Hospitals of Providence - Transmountain Campus","El_Paso","Texas"
"/free_profile/670047/The_Hospitals_of_Providence_East_Campus/El_Paso/Texas/","670047","The Hospitals of Providence East Campus","El_Paso","Texas"
"/free_profile/670124/The_Hospitals_of_Providence_Horizon_City_Campus/Horizon_City/Texas/","670124","The Hospitals of Providence Horizon City Campus","Horizon_City","Texas"
"/free_profile/450002/The_Hospitals_of_Providence_Memorial_Campus/El_Paso/Texas/","450002","The Hospitals of Providence Memorial Campus","El_Paso","Texas"
"/free_profile/450668/The_Hospitals_of_Providence_Sierra_Campus/El_Paso/Texas/","450668","The Hospitals of Providence Sierra Campus","El_Paso","Texas"
"/free_profile/450518/The_Medical_Center_of_Southeast_Texas/Port_Arthur/Texas/","450518","The Medical Center of Southeast Texas","Port_Arthur","Texas"
"/free_profile/450834/The_Physicians_Centre_Hospital/Bryan/Texas/","450834","The Physicians Centre Hospital","Bryan","Texas"
"/free_profile/450076/The_University_of_Texas_M_D_Anderson_Cancer_Center/Houston/Texas/","450076","The University of Texas M D Anderson Cancer Center","Houston","Texas"
"/free_profile/450018/The_University_of_Texas_Medical_Branch_Health_Galveston_Campus/Galveston/Texas/","450018","The University of Texas Medical Branch Health Galveston Campus","Galveston","Texas"
"/free_profile/I42079/The_University_of_Texas_Medical_Branch_League_City_Campus_Hospital/League_City/Texas/","I42079","The University of Texas Medical Branch League City Campus Hospital","League_City","Texas"
"/free_profile/450674/The_Woman%27s_Hospital_of_Texas/Houston/Texas/","450674","The Woman's Hospital of Texas","Houston","Texas"
"/free_profile/670267/The_Woodlands_Specialty_Hospital/The_Woodlands/Texas/","670267","The Woodlands Specialty Hospital","The_Woodlands","Texas"
"/free_profile/45060F/Thomas_E_Creek_VA_Medical_Center/Amarillo/Texas/","45060F","Thomas E Creek VA Medical Center","Amarillo","Texas"
"/free_profile/451339/Throckmorton_County_Memorial_Hospital/Throckmorton/Texas/","451339","Throckmorton County Memorial Hospital","Throckmorton","Texas"
"/free_profile/I42185/TIRR_Memorial_Hermanm_-_Greater_Heights/Houston/Texas/","I42185","TIRR Memorial Hermanm - Greater Heights","Houston","Texas"
"/free_profile/453025/TIRR_Memorial_Hermann/Houston/Texas/","453025","TIRR Memorial Hermann","Houston","Texas"
"/free_profile/I42240/TIRR_Memorial_Hermann_-_The_Woodlands/The_Woodlands/Texas/","I42240","TIRR Memorial Hermann - The Woodlands","The_Woodlands","Texas"
"/free_profile/450080/Titus_Regional_Medical_Center/Mount_Pleasant/Texas/","450080","Titus Regional Medical Center","Mount_Pleasant","Texas"
"/free_profile/I41530/TMC_Behavioral_Health_Center/Sherman/Texas/","I41530","TMC Behavioral Health Center","Sherman","Texas"
"/free_profile/451370/TMC_Bonham_Hospital_/Bonham/Texas/","451370","TMC Bonham Hospital ","Bonham","Texas"
"/free_profile/450774/TOPS_Surgical_Specialty_Hospital/Houston/Texas/","450774","TOPS Surgical Specialty Hospital","Houston","Texas"
"/free_profile/670266/Townsen_Memorial_Hospital/Humble_/Texas/","670266","Townsen Memorial Hospital","Humble_","Texas"
"/free_profile/670319/Trinity_Reginal_Hospital_Sachse/Sachse/Texas/","670319","Trinity Reginal Hospital Sachse","Sachse","Texas"
"/free_profile/I08008/Trinity_Springs_Pavilion_for_Psychiatric_Services/Fort_Worth/Texas/","I08008","Trinity Springs Pavilion for Psychiatric Services","Fort_Worth","Texas"
"/free_profile/673063/TrustPoint_Rehabilitation_Hospital_of_Lubbock/Lubbock/Texas/","673063","TrustPoint Rehabilitation Hospital of Lubbock","Lubbock","Texas"
"/free_profile/452091/Tyler_ContinueCARE_Hospital_at_Mother_Frances_Hospital/Tyler/Texas/","452091","Tyler ContinueCARE Hospital at Mother Frances Hospital","Tyler","Texas"
"/free_profile/450460/Tyler_County_Hospital/Woodville/Texas/","450460","Tyler County Hospital","Woodville","Texas"
"/free_profile/450803/United_Memorial_Medical_Center/Houston/Texas/","450803","United Memorial Medical Center","Houston","Texas"
"/free_profile/450010/United_Regional_Eleventh_Street_Campus/Wichita_Falls/Texas/","450010","United Regional Eleventh Street Campus","Wichita_Falls","Texas"
"/free_profile/454104/University_Behavioral_Health_of_Denton/Denton/Texas/","454104","University Behavioral Health of Denton","Denton","Texas"
"/free_profile/450213/University_Hospital/San_Antonio/Texas/","450213","University Hospital","San_Antonio","Texas"
"/free_profile/450686/University_Medical_Center/Lubbock/Texas/","450686","University Medical Center","Lubbock","Texas"
"/free_profile/450024/University_Medical_Center_of_El_Paso/El_Paso/Texas/","450024","University Medical Center of El Paso","El_Paso","Texas"
"/free_profile/450872/USMD_Hospital_at_Arlington/Arlington/Texas/","450872","USMD Hospital at Arlington","Arlington","Texas"
"/free_profile/450389/UT_Health_Athens/Athens/Texas/","450389","UT Health Athens","Athens","Texas"
"/free_profile/450210/UT_Health_Carthage/Carthage/Texas/","450210","UT Health Carthage","Carthage","Texas"
"/free_profile/452051/UT_Health_East_Texas_Long-Term_Acute_Care/Tyler/Texas/","452051","UT Health East Texas Long-Term Acute Care","Tyler","Texas"
"/free_profile/450475/UT_Health_Henderson/Henderson/Texas/","450475","UT Health Henderson","Henderson","Texas"
"/free_profile/450194/UT_Health_Jacksonville/Jacksonville/Texas/","450194","UT Health Jacksonville","Jacksonville","Texas"
"/free_profile/450690/UT_Health_North_Campus_Tyler/Tyler/Texas/","450690","UT Health North Campus Tyler","Tyler","Texas"
"/free_profile/451367/UT_Health_Pittsburg/Pittsburg/Texas/","451367","UT Health Pittsburg","Pittsburg","Texas"
"/free_profile/451380/UT_Health_Quitman/Quitman/Texas/","451380","UT Health Quitman","Quitman","Texas"
"/free_profile/450083/UT_Health_Tyler/Tyler/Texas/","450083","UT Health Tyler","Tyler","Texas"
"/free_profile/454076/UTHealth_Harris_County_Psychiatric_Center/Houston/Texas/","454076","UTHealth Harris County Psychiatric Center","Houston","Texas"
"/free_profile/670096/UTMB_Health_Clear_Lake_Campus_Hospital/Webster/Texas/","670096","UTMB Health Clear Lake Campus Hospital","Webster","Texas"
"/free_profile/451387/Uvalde_Memorial_Hospital/Uvalde/Texas/","451387","Uvalde Memorial Hospital","Uvalde","Texas"
"/free_profile/450154/Val_Verde_Regional_Medical_Center/Del_Rio/Texas/","450154","Val Verde Regional Medical Center","Del_Rio","Texas"
"/free_profile/I42364/Valley_Baptist_Micro_Hospital_Weslaco/Weslaco/Texas/","I42364","Valley Baptist Micro Hospital Weslaco","Weslaco","Texas"
"/free_profile/450662/Valley_Regional_Medical_Center/Brownsville/Texas/","450662","Valley Regional Medical Center","Brownsville","Texas"
"/free_profile/450028/VBMC_-_Brownsville/Brownsville/Texas/","450028","VBMC - Brownsville","Brownsville","Texas"
"/free_profile/450033/VBMC_-_Harlingen/Harlingen/Texas/","450033","VBMC - Harlingen","Harlingen","Texas"
"/free_profile/452060/Vibra_Hospital_of_Amarillo/Amarillo/Texas/","452060","Vibra Hospital of Amarillo","Amarillo","Texas"
"/free_profile/I42121/Vibra_Hospital_of_Richardson/Richardson/Texas/","I42121","Vibra Hospital of Richardson","Richardson","Texas"
"/free_profile/453096/Vibra_Rehabilitation_Hospital_of_Amarillo/Amarillo/Texas/","453096","Vibra Rehabilitation Hospital of Amarillo","Amarillo","Texas"
"/free_profile/452097/Vibra_Specialty_Hospital_of_DeSoto/DeSoto/Texas/","452097","Vibra Specialty Hospital of DeSoto","DeSoto","Texas"
"/free_profile/451337/WJ_Mangold_Memorial_Hospital/Lockney/Texas/","451337","WJ Mangold Memorial Hospital","Lockney","Texas"
"/free_profile/I41776/Waco_Center_for_Youth/Waco/Texas/","I41776","Waco Center for Youth","Waco","Texas"
"/free_profile/450200/Wadley_Regional_Medical_Center/Texarkana/Texas/","450200","Wadley Regional Medical Center","Texarkana","Texas"
"/free_profile/451373/Ward_Memorial_Hospital/Monahans/Texas/","451373","Ward Memorial Hospital","Monahans","Texas"
"/free_profile/454128/WellBridge_Fort_Worth/Fort_Worth/Texas/","454128","WellBridge Fort Worth","Fort_Worth","Texas"
"/free_profile/454130/Wellbridge_Greater_Dallas/Plano/Texas/","454130","Wellbridge Greater Dallas","Plano","Texas"
"/free_profile/453091/Weslaco_Regional_Rehabilitation_Hospital/Weslaco/Texas/","453091","Weslaco Regional Rehabilitation Hospital","Weslaco","Texas"
"/free_profile/454026/West_Oaks_Hospital/Houston/Texas/","454026","West Oaks Hospital","Houston","Texas"
"/free_profile/454131/Westpark_Springs/Richmond/Texas/","454131","Westpark Springs","Richmond","Texas"
"/free_profile/450678/White_Rock_Medical_Center/Dallas/Texas/","450678","White Rock Medical Center","Dallas","Texas"
"/free_profile/450271/WHS_East_Campus/Decatur/Texas/","450271","WHS East Campus","Decatur","Texas"
"/free_profile/450584/Wilbarger_General_Hospital/Vernon/Texas/","450584","Wilbarger General Hospital","Vernon","Texas"
"/free_profile/45068F/William_Beaumont_Army_Medical_Center_-_Fort_Bliss/Fort_Bliss/Texas/","45068F","William Beaumont Army Medical Center - Fort Bliss","Fort_Bliss","Texas"
"/free_profile/450044/William_P_Clements_Jr_University_Hospital/Dallas/Texas/","450044","William P Clements Jr University Hospital","Dallas","Texas"
"/free_profile/450469/Wilson_N_Jones_Regional_Medical_Center/Sherman/Texas/","450469","Wilson N Jones Regional Medical Center","Sherman","Texas"
"/free_profile/451314/Winkler_County_Memorial_Hospital/Kermit/Texas/","451314","Winkler County Memorial Hospital","Kermit","Texas"
"/free_profile/I42288/Wise_Health_Surgical_Hospital_at_Argyle/Argyle/Texas/","I42288","Wise Health Surgical Hospital at Argyle","Argyle","Texas"
"/free_profile/670116/Wise_Health_Surgical_Hospital_at_Parkway/Fort_Worth/Texas/","670116","Wise Health Surgical Hospital at Parkway","Fort_Worth","Texas"
"/free_profile/I42187/Women%27s_Memorial_Hermann_Memorial_City_Hospital/Houston/Texas/","I42187","Women's Memorial Hermann Memorial City Hospital","Houston","Texas"
"/free_profile/450484/Woodland_Heights_Medical_Center/Lufkin/Texas/","450484","Woodland Heights Medical Center","Lufkin","Texas"
"/free_profile/454144/Woodland_Springs/Conroe/Texas/","454144","Woodland Springs","Conroe","Texas"
"/free_profile/451346/Yoakum_Community_Hospital/Yoakum/Texas/","451346","Yoakum Community Hospital","Yoakum","Texas"
"/free_profile/451308/Yoakum_County_Hospital/Denver_City/Texas/","451308","Yoakum County Hospital","Denver_City","Texas"
"/free_profile/450766/Zale_Lipshy_Pavilion-William_P_Clements_Jr_University_Hospital/Dallas/Texas/","450766","Zale Lipshy Pavilion-William P Clements Jr University Hospital","Dallas","Texas"
